category,source,text,url
Education & Technology,www.myawady.net.mm,,https://www.myawady.net.mm/node/76155
Education & Technology,www.myawady.net.mm,နေပြည်တော်   အောက်တိုဘာ   ၅      ၂၀၂၅ ခုနှစ်     ကမ္ဘာ့ဆရာများနေ့ အထိမ်းအမှတ် အခမ်းအနားကို  ယနေ့ နံနက်ပိုင်းတွင်   ပြည်ထောင်စုနယ်မြေ နေပြည်တော်  ဇမ္ဗူသီရိမြို့နယ် အမှတ်(၆) အခြေခံပညာအထက်တန်းကျောင်း သီရိမင်္ဂလာခန်းမ၌ ကျင်းပရာ နေပြည်တော် ကောင်စီဥက္ကဋ္ဌ ဦးသန်းထွန်းဦး၊ နေပြည်တော်ကောင်စီဝင်များ၊ တာဝန်ရှိသူများ၊ ကျောင်းအုပ်ဆရာကြီး၊ ဆရာမကြီးများနှင့် ဆရာ၊ ဆရာမများ တက်ရောက်ကြသည်။ ဦးစွာ  ဇမ္ဗူသီရိမြို့နယ်  အမှတ်(၆)အခြေခံပညာအထက်တန်းကျောင်းမှ ကျောင်းသား၊     ကျောင်းသူများက “မြတ်ဆရာ”သီချင်းဖြင့် ဂုဏ်ပြုသီဆို၍ အခမ်းအနားကို ဖွင့်လှစ်ကြသည်။ ထို့နောက်  ပြည်ထောင်စုသမ္မတမြန်မာနိုင်ငံတော် ယာယီသမ္မတ နိုင်ငံတော်လုံခြုံရေးနှင့် အေးချမ်းသာယာရေးကော်မရှင် ဥက္ကဋ္ဌ ဗိုလ်ချုပ်မှူးကြီး သတိုးမဟာသရေ စည်သူ သတိုးသီရိသုဓမ္မမင်းအောင်လှိုင်ထံမှ ကမ္ဘာ့ဆရာများနေ့အထိမ်းအမှတ် အခမ်းအနားသို့ ပေးပို့သည့်သဝဏ်လွှာကို နေပြည်တော်ကောင်စီဥက္ကဋ္ဌက ဖတ်ကြားသည်။ ယင်းနောက်   နေပြည်တော်ပညာရေးမှူးရုံး   ညွှန်ကြားရေးမှူးက   ကုလသမဂ္ဂလက်အောက်ခံအဖွဲ့ (၅) ဖွဲ့၏   အဖွဲ့ခေါင်းဆောင်များမှ ပေးပို့သော စုပေါင်းသဝဏ်လွှာကို ဖတ်ကြားသည်။ ဆက်လက်၍ နေပြည်တော်ကောင်စီဥက္ကဋ္ဌနှင့် နေပြည်တော်ကောင်စီဝင်များက ၂ဝ၂၅ ခုနှစ် ကမ္ဘာ့ဆရာများနေ့ အထိမ်းအမှတ် အခြေခံပညာ အထက်တန်းအဆင့်၊  အလယ်တန်းအဆင့် စာစီစာကုံးနှင့် ကဗျာပြိုင်ပွဲများတွင်  ဆုရရှိသည့်  ကျောင်းသား၊ ကျောင်းသူများအား  ဆုများချီးမြှင့်ကြသည်။ ထို့နောက်   ‌နေပြည်တော်ကောင်စီဥက္ကဋ္ဌက ဒက္ခိဏသီရိမြို့နယ် ရာဇသင်္ဂဟ လမ်းမကြီး လမ်းဘေးဝဲ/ယာတွင် သန့်ရှင်းသာယာ လှပစေရေးအတွက် သန့်ရှင်းရေး လုပ်ငန်းဆောင်ရွက်နေမှုကို   ကြည့်ရှုစစ်ဆေးပြီး တာဝန်ရှိသူများအား လိုအပ်သည်များ မှာကြားခဲ့‌ကြောင်း သိရသည်။,https://www.myawady.net.mm/node/76161
Education & Technology,www.myawady.net.mm,ပဲခူး   အောက်တိုဘာ   ၅      ပဲခူးမြို့ မြို့တော်ခန်းမ၌ ယနေ့ နံနက်ပိုင်းတွင် ၂၀၂၅ ခုနှစ် ကမ္ဘာ့ဆရာများနေ့ အခမ်းအနားကျင်းပရာ  တိုင်းဒေသကြီး ဝန်ကြီးချုပ် ဦးမျိုးဆွေဝင်း တက်ရောက်ချီးမြှင့်သည်။ ရှေးဦးစွာ အမှတ်(၄)အခြေခံပညာ အထက်တန်းကျောင်းမှ ကျောင်းသား၊ကျောင်းသူများက “မြတ်ဆရာသခင် ကန်တော့ပန်းဆင်”သီချင်းဖြင့်သီဆိုဖျော်ဖြေတင်ဆက်သည်။ ထို့နောက် တိုင်းဒေသကြီးဝန်ကြီးချုပ် ဦးမျိုးဆွေဝင်းက  ပြည်ထောင်စုသမ္မတမြန်မာနိုင်ငံတော်  ယာယီသမ္မတ နိုင်ငံတော်လုံခြုံရေးနှင့် အေးချမ်းသာယာရေး ကော်မရှင်ဥက္ကဋ္ဌ ဗိုလ်ချုပ်မှူးကြီးသတိုးမဟာသရေစည်သူ   သတိုးသီရိသုဓမ္မမင်းအောင်လှိုင်ထံမှ  ကမ္ဘာ့ဆရာများနေ့  အထိမ်းအမှတ်အခမ်းအနားသို့ပေးပို့သည့်  သဝဏ်လွှာအား  ဖတ်ကြားသည်။ ထို့နောက် တိုင်းဒေသကြီးဝန်ကြီးချုပ် ဦးမျိုးဆွေဝင်းနှင့်တာဝန်ရှိသူများက  ကမ္ဘာ့ဆရာများနေ့ အထိမ်းအမှတ် စာစီစာကုံးပြိုင်ပွဲနှင့် ကဗျာပြိုင်ပွဲတွင်    ဆုရရှိသူများအား ဂုဏ်ပြုမှတ်တမ်းနှင့် ဂုဏ်ပြုဆုငွေများ ပေးအပ်ချီးမြှင့်သည်။ ဆက်လက်၍ အမှတ်(၈)အခြေခံပညာ အထက်တန်းကျောင်းမှ   ကျောင်းသား၊ကျောင်းသူများက “ပန်းကလေးများရဲ့ဥယျာဉ်မှူး” သီချင်းဖြင့်လည်းကောင်း၊  အမှတ်(၂)   အခြေခံပညာအထက်တန်းကျောင်းမှ ကျောင်းသား၊ ကျောင်းသူများက “လမ်းပြကြယ်” သီချင်းဖြင့်လည်းကောင်း သီဆိုဖျော်ဖြေကြရာ   တိုင်းဒေသကြီး ဝန်ကြီးချုပ်က  ဖျော်ဖြေရေးကျောင်းသား၊ ကျောင်းသူများအား ဂုဏ်ပြုငွေပေးအပ်ပြီး အခမ်းအနား တက်ရောက်လာသူများအား ရင်းရင်းနှီးနှီးလိုက်လံ နှုတ်ဆက်အားပေးစကား ပြောကြားခဲ့ကြောင်း သိရသည်။,https://www.myawady.net.mm/node/76163
Education & Technology,www.mdn.gov.mm,13/10/25 13/10/25 13/10/25 13/10/25 13/10/25 13/10/25 13/10/25 13/10/25 13/10/25 13/10/25        | © Copyright © 2018 Myanmar Digital News. All rights reserved,https://www.mdn.gov.mm/my/latest-news-0
Education & Technology,www.myawady.net.mm,မအူပင်  အောက်တိုဘာ  ၅      ဧရာဝတီတိုင်းဒေသကြီး  မအူပင်တက္ကသိုလ်၌ ကမ္ဘာ့ဆရာများနေ့ အထိမ်းအမှတ် အာစရိယပူဇော်ပွဲအခမ်းအနားကို အောက်တိုဘာလ ၄ ရက် နံနက်ပိုင်းတွင် အဆိုပါတက္ကသိုလ်ရှိ ဘွဲ့နှင်းသဘင်ခန်းမ၌ ကျင်းပသည်။ ရှေးဦးစွာ   မအူပင်တက္ကသိုလ်ဆရာ၊ ဆရာမများက ဧရာဝတီ၏အလှပန်းတို့ တက္ကသိုလ်ရိပ်နန်းသီချင်းဖြင့်   သီဆိုဖျော်ဖြေပြီး မြတ်ဆရာသီချင်းဖြင့် ဆီမီးများ ထွန်းညှိပူဇော်သည်။ ဆက်လက်၍  အငြိမ်းစားဆရာကြီး၊ ဆရာမကြီးများအား ကန်တော့ချိုးဖြင့် ရှိခိုးကန်တော့ပြီး ပါမောက္ခချုပ်ဆရာမကြီးနှင့် ပါမောက္ခဆရာကြီး၊ ဆရာမကြီးများက အပူဇော်ခံဆရာကြီး၊   ဆရာမကြီးများအား လက်ဆောင်ပစ္စည်းများ ပေးအပ်ကြသည်။ ထို့နောက်  မအူပင်တက္ကသိုလ်ပါမောက္ခချုပ်ဆရာမကြီး   ဒေါက်တာနီနီဦးက ဆရာကြီး၊ ဆရာမကြီးများအား ဂါရဝပြုနှုတ်ဆက်စကား ပြောကြားကြောင်း သိရသည်။,https://www.myawady.net.mm/node/76164
Education & Technology,www.myawady.net.mm,နေပြည်တော် အောက်တိုဘာ ၅      ၂၀၂၅ ခုနှစ် ကမ္ဘာ့ဆရာများနေ့အထိမ်း အမှတ်အခမ်းအနားကို ယနေ့နံနက် ၉ နာရီတွင် မန္တလေးမြို့ မန္တ‌လေးတက္ကသိုလ် ဘွဲ့နှင်းသဘင်ခန်းမ၌ ကျင်းပသည်။ အခမ်းအနားသို့ ပညာရေးဝန်ကြီးဌာန ပြည်ထောင်စု၀န်ကြီး ဒေါက်တာချောချောစိန်၊ မန္တလေးတိုင်းဒေသကြီး၀န်ကြီးချုပ်၊ ဒုတိယ၀န်ကြီးများ၊ တိုင်းဒေသကြီး၀န်ကြီးများ၊ တာ၀န်ရှိသူများ၊  ဂုဏ်ထူးဆောင်ပုဂ္ဂိုလ်ကြီးများနှင့် ထူးချွန်ဆရာ၊ ဆရာမများ၊ ပြိုင်ပွဲများတွင် ဆုများရရှိခဲ့ကြသည့် ဆရာ၊ဆရာမများနှင့် ကျောင်းသား၊ ကျောင်းသူများ တက်ရောက်ကြသည်။ ဦးစွာ မန္တလေးမြို့ အမှတ်(၁၄) အခြေခံပညာအထက်တန်းကျောင်းမှ ကျောင်းသား၊ ကျောင်းသူများက “မြတ်ဆရာ” သီချင်းဖြင့် ဖျော်ဖြေကြသည်။ ထို့နောက် ပြည်ထောင်စုသမ္မတ မြန်မာနိုင်ငံတော် ယာယီသမ္မတ နိုင်ငံတော်လုံခြုံရေးနှင့် အေးချမ်းသာယာရေး ကော်မရှင် ဥက္ကဋ္ဌ ဗိုလ်ချုပ်မှူးကြီး သတိုးမဟာသရေစည်သူ သတိုးသီရိသုဓမ္မမင်းအောင်လှိုင်ထံမှ ကမ္ဘာ့ဆရာများနေ့ အခမ်းအနားသို့ပေးပို့သည့် သဝဏ်လွှာကို ပြည်ထောင်စုဝန်ကြီးက ဖတ်ကြားသည်။ ယင်းနောက် ကုလသမဂ္ဂလက်အောက်ခံအဖွဲ့ငါးဖွဲ့၏ အဖွဲ့ခေါင်းဆောင်များက ပေးပို့သော စုပေါင်းသဝဏ်လွှာကို ရန်ကုန်နိုင်ငံခြားဘာသာတက္ကသိုလ် ပါမောက္ခချုပ်ဒေါက်တာ‌ မေစန်းရီက ဖတ်ကြားသည်။ ဆက်လက်၍ ပြည်ထောင်စုဝန်ကြီး၊ မန္တလေးတိုင်းဒေသကြီး၀န်ကြီးချုပ်၊ ဒုတိယ ၀န်ကြီးများနှင့် တာ၀န်ရှိသူများက  ၂၀၂၅ ခုနှစ် ကမ္ဘာ့ဆရာများနေ့ ဂုဏ်ထူးဆောင် ပုဂ္ဂိုလ်ကြီးများ၊ ထူးချွန်ဆရာ၊ ဆရာမများ၊ ၂၀၂၅ ခုနှစ် ကမ္ဘာ့ဆရာများနေ့ ဆောင်းပါးပြိုင်ပွဲ၊ စာစီစာကုံးပြိုင်ပွဲ၊ ကဗျာပြိုင်ပွဲများတွင် ဆုရရှိခဲ့ကြသူများကို ဂုဏ်ပြုမှတ်တမ်းလွှာနှင့် ဂုဏ်ပြုဆုငွေများ ပေးအပ်ချီးမြှင့်ကြသည်။ ထို့နောက်   မန္တလေးပညာရေးဒီဂရီကောလိပ်မှ ကျောင်းသူများက “ဥယျာဉ်နန်းက ပွင့်သစ်ပန်း” သီချင်းဖြင့်   ဖျော်ဖြေတင်ဆက် ခဲ့ကြ‌ကြောင်း သိရသည်။,https://www.myawady.net.mm/node/76165
Education & Technology,www.mdn.gov.mm,"13/10/25 13/10/25 13/10/25 13/10/25 13/10/25   13/10/25 13/10/25 
အောင်ကျော်မိုး (ငြိမ်းချမ်းရေး) 13/10/25   13/10/25 13/10/25          | © Copyright © 2018 Myanmar Digital News. All rights reserved",https://www.mdn.gov.mm/my/latest-news
Education & Technology,www.myawady.net.mm,ပညာရေးဝန်ကြီးဌာန၊ အဆင့်မြင့်ပညာဦးစီးဌာန၊ တောင်ကြီးတက္ကသိုလ်၏ ၂၀၂၅ ပညာသင်နှစ် အဝေးသင် သင်တန်းတွင် ကျောင်းအပ်နှံထားသော လွိုင်ကော်တက္ကသိုလ်အဝေးသင် သင်တန်းမှ ကျောင်းသား၊ ကျောင်းသူများသည် ၂၀၂၅ ပညာသင်နှစ်၊ အဝေးသင် ဒုတိယအသုတ်နှင့် တတိယအသုတ် အနီးကပ်သင်တန်းနှင့် စာမေးပွဲများကို လွိုင်ကော်တက္ကသိုလ်တွင် တက်ရောက်ဖြေဆိုရမည်ဖြစ်ကြောင်း ကြေညာလိုက်သည်။,https://www.myawady.net.mm/node/76223
Education & Technology,www.mdn.gov.mm,13 October 2025 13 October 2025 13 October 2025 13 October 2025 Copyright © 2017 Myanmar Digital News. All rights reserved.,https://www.mdn.gov.mm/newspaper/public/
Education & Technology,www.myawady.net.mm,နေပြည်တော် အောက်တိုဘာ ၉      အမျိုးသားပညာရေး   မဟာဗျူဟာ စီမံကိန်း (၂၀၁၆-၂၀၂၁)နှင့် (၂၀၂၁-၂၀၃၀)အရ “ကျောင်းများနှင့် ပညာသင်ယူရာဌာန အားလုံးတွင် ကျောင်းသားများ၏ သင်ယူတတ်မြောက်မှုများ   သိသာထင်ရှားစွာ တိုးတက်လာရေးကို ဦးတည်သည့် ပိုမိုတိုးတက် ကောင်းမွန်သော သင်ကြားသင်ယူမှု၊ သက်မွေးပညာရေးနှင့် လေ့ကျင့်ရေး၊ သုတေသနနှင့်  ဆန်းသစ်တီထွင်မှုများ ဖြစ်ထွန်းလာစေရေး”ဆိုသည့် ရည်မှန်းချက်ပန်းတိုင်ကို ချမှတ်ကာ သာတူညီမျှမှုရှိပြီး အရည်အသွေးပြည့်ဝသည့် ပညာရေးစနစ်ဖြစ်စေရန်   ဦးတည်ဆောင်ရွက်လျက်ရှိကြောင်း၊ ပြည်ထောင်စု၀န်ကြီး ဒေါက်တာချောချောစိန်က  ပညာရေး၀န်ကြီးဌာန ရုံးအမှတ် (၁၃) အစည်းအဝေးခန်းမ၌ ယနေ့မွန်းလွဲ ၁ နာရီတွင် ကျင်းပသည့် ၂၀၂၅-၂၀၂၆ ပညာသင်နှစ်   အခြေခံပညာဆရာများအတွက် သာတူညီမျှမှုကို အခြေခံသော ဆရာအတတ်ပညာ စဉ်ဆက်မပြတ်ဖွံ့ဖြိုး တိုးတက်ရေး အညွှန်းဘောင်ဆိုင်ရာ အရည်အသွေးမြှင့် (ဗဟိုအဆင့်) နည်းပြသင်တန်းဖွင့်ပွဲအခမ်းအနားတွင် ဆရာ၊  ဆရာမများအား မှာကြားသည်။ ဆက်လက်၍ ပြည်ထောင်စု၀န်ကြီးက  အခြေခံပညာကဏ္ဍ  ဖွံ့ဖြိုးတိုးတက်ရေးအတွက် ဆောင်ရွက်ရာတွင် ကျောင်းနေအရွယ် ကလေးအားလုံး အရည်အသွေးပြည့်ဝသော အခြေခံပညာသင်ယူမှု အခွင့်အလမ်းများကို  သာတူညီမျှရရှိရေးနှင့် ဆရာများ၏ အရည်အသွေးမြင့်မားရေးတို့သည် အရေးကြီးသော အခန်းကဏ္ဍတွင် ပါဝင်နေသည့်အတွက် သင်ကြားသင်ယူမှု နှင့်စပ်လျဉ်းသည့်   ဆရာအတတ်ပညာ စဉ်ဆက်မပြတ်   ဖွံ့ဖြိုးတိုးတက်ရေးကို အလေးထားဆောင်ရွက်လျက် ရှိကြောင်းပြောကြားခဲ့သည်။ အဆိုပါ နည်းပြသင်တန်း ပထမအသုတ်ကို နေပြည်တော် အမှတ်(၁၄)အခြေခံပညာအထက်‌တန်းကျောင်းတွင် အောက်တိုဘာလ ၈ ရက်မှ ၉ ရက်အထိ ပို့ချလျက်ရှိရာ အခြေခံပညာဦးစီးဌာနမှ အရာထမ်းများက နည်းပြများအဖြစ် ဦးဆောင်ဆွေးနွေး ပို့ချလျက်ရှိပြီး တိုင်းဒေသကြီးနှင့် ပြည်နယ်များမှ အလယ်တန်းနှင့် အထက်တန်းကျောင်းအုပ် ဆရာ၊ ဆရာမ သင်တန်းသား၊ သင်တန်းသူ၁၂၂ ဦး တက်ရောက်လျက်ရှိသည်။ သင်တန်းဒုတိယအသုတ်ကို အောက်တိုဘာလ ၁၀ ရက်နှင့် ၁၁ ရက်တို့တွင် ဆက်လက် ပို့ချသွားမည်ဖြစ်ရာ မူလတန်း‌ကျောင်းအုပ် ဆရာ၊ ဆရာမ ၁၂၂ ဦး တက်ရောက်ကြမည်ဖြစ်သည်။ အဆိုပါ အခမ်းအနားသို့ ဒုတိယ၀န်ကြီး ဦးနေမျိုးလှိုင်၊ ညွှန်ကြားရေးမှူးချုပ်များ၊ ဒုတိယညွှန်ကြားရေးမှူးချုပ်များ၊ တာ၀န်ရှိသူများနှင့် သင်တန်းသား၊  သင်တန်းသူ ဆရာ၊ ဆရာမများ တက်ရောက်ကြသည်။ ဆက်လက်၍ ပြည်ထောင်စုဝန်ကြီးနှင့် ဒုတိယဝန်ကြီးတို့သည် နိုင်ငံတော် အစီအစဉ်ဖြင့် ပြည်တွင်း၊ ပြည်ပလေ့လာ‌ရေးခရီးသွားရောက်မည့် ၂၀၂၅ ခုနှစ် တက္ကသိုလ်ဝင်စာမေးပွဲအောင် ထူးချွန်ကျောင်းသား၊ကျောင်းသူများနှင့်တွေ့ဆုံ၍ ပြည်ပခရီးသွားရောက်ရာတွင် ကြိုတင်ပြင်ဆင်လေ့လာထားရမည့်  ကိစ္စရပ်များနှင့် စပ်လျဉ်း၍ မှာကြားပြီး လိုအပ်ချက်များ ဖြည့်ဆည်း ဆောင်ရွက်ပေးခဲ့ကြောင်း သိရသည်။,https://www.myawady.net.mm/node/76363
Education & Technology,www.myawady.net.mm,ရွှေတောင် အောက်တိုဘာ ၁၁       ပဲခူးတိုင်းဒေသကြီး ရွှေတောင်မြို့နယ် အခြေခံပညာ အထက်တန်းကျောင်း၌ကျောင်းသား၊ ကျောင်းသူများ စာပေစွမ်းရည် မြင့်မားစေရန်၊  ဉာဏ်ရည်ဉာဏ်သွေး ထက်မြက်ဖွံ့ဖြိုးစေရန်နှင့် ဖြတ်ထိုးဉာဏ်ရှိစေရန်အတွက် အင်္ဂလိပ်စာနှင့် သင်္ချာဘာသာရပ စွမ်းရည်ပြိုင်ပွဲကို  အောက်တိုဘာလ ၁၁ ရက်တွင် ကျင်းပသည်။ အဆိုပါပြိုင်ပွဲတွင် ရွှေတောင်မြို့နယ်အတွင်းရှိ  အခြေခံပညာမူလတန်းနှင့် အလယ်တန်းကျောင်းများမှ Grade-5၊ Grade-6၊ Grade-7၊ Grade-8 နှင့် Grade-9  တို့မှကျောင်းသား၊ ကျောင်းသူများက အတန်းလိုက် အင်္ဂလိပ်စာစွမ်းရည်ပြိုင်ပွဲနှင့် သင်္ချာစွမ်းရည်ပြိုင်ပွဲတို့ကိုဝင်ရောက် ယှဉ်ပြိုင်လျက်ရှိသည်။  ရွှေတောင်မြို့နယ်အတွင်းရှိ အခြေခံပညာမူလတန်းကျောင်းများနှင့် အလယ်တန်းကျောင်းများမှ မူလတန်းဆင့် အင်္ဂလိပ်စာစွမ်းရည်ပြိုင်ပွဲတွင် ၃၄ ဦး၊ သင်္ချာစွမ်းရည်ပြိုင်ပွဲတွင်  ၅၉  ဦး စုစုပေါင်း ၉၃  ဦး၊အလယ်တန်းဆင့် အင်္ဂလိပ်စာစွမ်းရည်ပြိုင်ပွဲတွင် ၆၉ ဦး၊ သင်္ချာစွမ်းရည်ပြိုင်ပွဲတွင် ၁၂၀ ဦး စုစုပေါင်း ၁၈၉  ဦးတို့ပါဝင်ယှဉ်ပြိုင်ကြကြောင်း မြို့နယ်ပညာရေးမှူးရုံးမှ သိရသည်။,https://www.myawady.net.mm/node/76470
Education & Technology,www.myawady.net.mm,ပညာရေးဝန်ကြီးဌာန၊ အဆင့်မြင့်ပညာဦးစီးဌာန၊ တောင်ကြီးတက္ကသိုလ်၏  ၂၀၂၅ ပညာသင်နှစ် အဝေးသင် သင်တန်းတွင် ကျောင်းအပ်နှံထားသော လွိုင်ကော်တက္ကသိုလ်အဝေးသင် သင်တန်းမှ  ကျောင်းသား၊ ကျောင်းသူများသည် ၂၀၂၅ ပညာသင်နှစ်၊ အဝေးသင် ဒုတိယအသုတ်နှင့် တတိယအသုတ် အနီးကပ်သင်တန်းနှင့် စာမေးပွဲများကို လွိုင်ကော်တက္ကသိုလ်တွင် တက်ရောက်ဖြေဆို ရမည်ဖြစ်ကြောင်း ကြေညာလိုက်သည်။ အဆင့်မြင့်ပညာဦးစီးဌာန၊ ပညာရေးဝန်ကြီးဌာန,https://www.myawady.net.mm/node/76493
Education & Technology,www.myawady.net.mm,မကြာသေးမီကလုပ်ဆောင်တဲ့ သုတေသနတစ်ခုမှာ နေရောင်ခြည်စွမ်းအင်ရယူပြီး လျှပ်စစ်ဓာတ်အားကို ပြန်ထုတ်ပေးနေတဲ့ ဆိုလာပြားများကို သမားရိုးကျနည်း အတိုင်းထားခြင်းထက် ဒေါင်လိုက်ထားတဲ့နည်းလမ်းက ပိုမိုအကျိုးရှိစေမယ်လို့ ဆိုပါတယ်။ ဒီနည်းလမ်းအရ လျှပ်စစ်ဓာတ်အားထုတ်လုပ်မှုက ယခင်သမားရိုးကျနည်းလမ်းနဲ့  လျှပ်စစ်ဓာတ်အားထုတ်လုပ်မှုနဲ့ ညီမျှတယ်လို့ဆိုပါတယ်။ ဒါပေမဲ့ ထူးခြားချက်တစ်ခုက သစ်တောဆုံးရှုံးမှုကို ၉၉ ရာခိုင်နှုန်းအထိ ကာကွယ်ပေးနိုင်စွမ်းရှိတာဖြစ်ပါတယ်။ ဥပမာအားဖြင့် ဆိုလာသစ်ပင် ၆၃ ခုက လျှပ်စစ်ဓာတ်အားပမာဏ ၁ မဂ္ဂါဝပ်ကို ထုတ်လုပ်ပေးနိုင်ချိန်မှာ မြေပြင်ပေါ်မှာ သမားရိုးကျနည်းလမ်းအတိုင်း ထားမယ်ဆိုရင် သစ်တောနယ်မြေပမာဏ ၉၈ ရာခိုင်နှုန်း အထိကို ရှင်းလင်းပစ်လိုက်ရမှာပါ။ ဒါကြောင့် အခုတွေ့ရှိတဲ့နည်းလမ်း အသစ်က သစ်တောထူထပ်တဲ့နေရာမျိုးတွေမှာပါ ပြန်လည်ပြည့်ဖြိုးမြဲ စွမ်းအင်ကို ရယူသုံးစွဲနိုင်စေမှာ ဖြစ်ပါတယ်။,https://www.myawady.net.mm/node/75089
Education & Technology,www.myawady.net.mm,Apple ကုမ္ပဏီက iPhone အသစ်များကို စက်တင်ဘာလ ၉ ရက်မှာ ထုတ်ဖော်မိတ်ဆက်သွားပါတယ်။ အဲဒီလိုထုတ်ဖော်မိတ်ဆက်သွားတဲ့ထဲမှာ သူတို့ထုတ်လုပ်ခဲ့ဖူးသမျှသော iPhone တွေထဲ အပါးလွှာဆုံးဖြစ်တဲ့ iPhone Air လည်း အပါအဝင်ဖြစ်လာပါတယ်။ Apple က ထု ၅ ဒသမ ၄ မီလီမီတာသာရှိပြီး အလွန်ပါးလွှာလွန်းတဲ့ iPhoneကိုမိတ်ဆက်ခဲ့သလို သူ့ရဲ့စွမ်းဆောင်ရည်က အခြားသောသမားရိုးကျ iPhone  များနဲ့ အကြမ်းခံနိုင်မှု အပိုင်းမှာသာမက လုပ်ငန်းဆောင်ရွက်နိုင်မှုအပိုင်းနဲ့ ဘက်ထရီအားခံမှု အပိုင်းတို့မှာလည်း   တန်းတူယှဉ်ပြိုင်နိုင်တယ်လို့ ဆိုပါတယ်။ အခုလိုမျိုး ပါးလွှာပြီးခိုင်ခံ့တဲ့ ဒီဇိုင်းကိုရရှိစေနိုင်ဖို့ တိုက်တေနီယံကိုယ်ထည်နဲ့ ကြွေလွှာဖန်သားပြင်ကို အသုံးပြုပေးထားပါတယ်။ အခုအသုံးပြုပေးထားတဲ့ ကြွေလွှာဖန်သားပြင်က အရင်ဖန်သားပြင်တွေထက် အကြမ်းခံနိုင်မှုမှာ သုံးဆပိုမိုအားကောင်းတယ်လို့ ဆိုပါတယ်။ iPhone Air မှာအသုံးပြုပေးထားတဲ့Display က 6.5-inch ProMotion display ဖြစ်တဲ့အတွက် အလင်းအားက 3000 nits အထိရှိမယ်လို့ဆိုပါတယ်။ ဒါဟာ နေရောင်အောက်မှာတောင်မှ ဖုန်းကိုကောင်းစွာသုံးနိုင်တဲ့ အနေအထားဖြစ်ပြီး ဗီဒီယိုများကိုအချိန်အားဖြင့် နာရီ ၄၀ ကြာတဲ့အထိ ကြည့်နိုင်စေရမယ်လို့ Apple က ကတိပေးထားပါတယ်။,https://www.myawady.net.mm/node/75090
Sports,www.myawady.net.mm,,https://www.myawady.net.mm/node/76327
Sports,www.myawady.net.mm,နေပြည်တော်  အောက်တိုဘာ ၉       (၃၃)ကြိမ်မြောက် အရှေ့တောင်အာရှ အားကစားပြိုင်ပွဲအတွက်   အလေးမ အားကစားသမားများ အပြီးသတ်ရွေးချယ်ရေးပြိုင်ပွဲနှင့် (Youth Camp)မှ လူငယ်အလေးမ အားကစားသမားများ    စံချိန်ဆန်းစစ်ပြိုင်ပွဲကို   ယနေ့နံနက်ပိုင်းတွင် နေပြည်တော် ဝဏ္ဏသိဒ္ဓိ အားကစားကွင်းရှိ   အလေးမလေ့ကျင့်ရေးရုံ၌ ကျင်းပသည်။ အခမ်းအနားသို့ မြန်မာနိုင်ငံအိုလံပစ် ကော်မတီဥက္ကဋ္ဌ၊ အားကစားနှင့် လူငယ်ရေးရာဝန်ကြီးဌာနနှင့် ဟိုတယ်နှင့်ခရီးသွားလာရေးဝန်ကြီးဌာန ပြည်ထောင်စုဝန်ကြီး Jeng Phang နော်တောင်၊ ဒုတိယဝန်ကြီး ဦးဇင်မင်းထက်၊ အားကစားနှင့် ကာယပညာ ဦးစီးဌာန ညွှန်ကြားရေးမှူးချုပ် ဦးဉာဏ်ဇော်ဦး၊ မြန်မာနိုင်ငံအလေးမ အဖွဲ့ချုပ် ဥက္ကဋ္ဌ ဦးဥဂ္ဂါအေး၊ အားကစားနှင့် ကာယပညာဦးစီးဌာန ဒုတိယညွှန်ကြားရေးမှူးချုပ်၊ ရန်ကုန်တိုင်းဒေသကြီး အလေးမဆပ်ကော်မတီ ဥက္ကဋ္ဌ၊ ဒုတိယဥက္ကဋ္ဌနှင့် တာဝန်ရှိသူများ တက်ရောက် ကြသည်။ ယနေ့ကျင်းပသည့် အလေးမပြိုင်ပွဲ အမြန်မနှင့် နှစ်ဆင့်မပြိုင်ပွဲ ပွဲစဉ်များအဖြစ် အမျိုးသမီး (၄၈၊ ၅၃၊ ၅၈၊ ၆၃) ကီလိုတန်းပြိုင်ပွဲနှင့် အမျိုးသား (၆၀၊ ၆၅၊ ၇၁၊ ၈၈၊ ၉၄၊ +၉၄) ကီလိုတန်းပြိုင်ပွဲများကို ယှဉ်ပြိုင်ခဲ့ကြပြီးပြိုင်ပွဲများအပြီးတွင် အမျိုးသမီး ၆၃ ကီလိုတန်းနှင့် အမျိုးသား(၉၄) ကီလိုတန်း အမြန်မ၊ နှစ်ဆင့်မပြိုင်ပွဲနှင့် စံချိန်စုစုပေါင်းတို့တွင် မြန်မာပြည်စံချိန်သစ်များတင်နိုင်ခဲ့သည့် သူဇာခင်နှင့် ဝင်းနိုင်ထွန်းတို့ကို ပြည်ထောင်စုဝန်ကြီး၊ ဒုတိယဝန်ကြီး၊ ညွှန်ကြားရေးမှူးချုပ်နှင့် မြန်မာနိုင်ငံအလေးမအဖွဲ့ချုပ် ဥက္ကဋ္ဌတို့က ဂုဏ်ပြုဆုကြေးငွေများ ပေးအပ်ချီးမြှင့်ကြသည်။ အဆိုပါ (၃၃)ကြိမ်မြောက် အရှေ့တောင်အာရှ အားကစားပြိုင်ပွဲအတွက် အလေးမ အားကစားသမားများ အပြီးသတ်ရွေးချယ်ရေးပြိုင်ပွဲနှင့် (Youth Camp)မှ လူငယ်အလေးမ အားကစားသမားများ စံချိန်ဆန်းစစ်ပြိုင်ပွဲများသို့  နေပြည်တော်တွင် စခန်းဝင်လေ့ကျင့်လျက်ရှိသည့် အားကစားလေ့ကျင့် ရေးစခန်း(Gold Camp)နှင့် လူငယ်အားကစားလေ့ကျင့်ရေးစခန်း (Youth Camp)တို့မှ အလေးမအားကစားသမား စုစုပေါင်းအင်အား ၂၄ ဦး ဝင်ရောက် ယှဉ်ပြိုင်ခဲ့ကြသည်။ ဆက်လက်၍ (၃၃)ကြိမ်မြောက် အရှေ့တောင်အာရှ အားကစားပြိုင်ပွဲတွင် မြန်မာခြင်းလုံးအသင်း  အောင်နိုင်ရေးအတွက် မြန်မာနိုင်ငံ ခြင်းလုံးအဖွဲ့ချုပ် နာယက ဦးစိုးတင့်အား ရုံးအမှတ်(၃၁)ရှိ၊ အားကစားနှင့် လူငယ်ရေးရာဝန်ကြီးဌာန အစည်းအဝေးခန်းမ၌ လက်ခံတွေ့ဆုံရာ မြန်မာနိုင်ငံခြင်းလုံးအဖွဲ့ချုပ် နာယက က အဖွဲ့ချုပ်၏ ကြိုတင်ပြင်ဆင်ဆောင်ရွက်နေမှု အခြေအနေများ၊ ဆက်လက်ဆောင်ရွက်သွားမည့် လုပ်ငန်းအစီအစဉ်များနှင့် ပတ်သက်ပြီး ဆွေးနွေးပြောကြားပြီး ဒုတိယဝန်ကြီး၊ ညွှန်ကြားရေးမှူးချုပ်များနှင့် ဒုတိယ ညွှန်ကြားရေးမှူးချုပ်တို့က မြန်မာခြင်းလုံးအသင်း အောင်မြင်မှု ရရှိစေရေးအတွက် ဝိုင်းဝန်းဖြည့်စွက်ဆွေးနွေးပြောကြားကာ ပြည်ထောင်စု ဝန်ကြီးက လိုအပ်သည်များကို တာဝန်ရှိသူများနှင့် ပေါင်းစပ်ညှိနှိုင်း ပေးခဲ့ကြောင်း သိရသည်။,https://www.myawady.net.mm/node/76381
Sports,www.myawady.net.mm,ရန်ကုန်  အောက်တိုဘာ  ၉      ၂၀၂၅ ခုနှစ် တိုင်းဒေသကြီးနှင့်ပြည်နယ် ဘိလိယက်နှင့် စနူကာပြိုင်ပွဲ၌ ဘိလိယက် အားကစားနည်းဖြင့် ပထမ၊ ဒုတိယနှင့် တတိယဆုရရှိခဲ့သည့် အားကစားသမားများနှင့် (၃၃)ကြိမ်မြောက် အရှေ့တောင်အာရှ အားကစားပြိုင်ပွဲသို့   ဝင်ရောက်ယှဉ်ပြိုင်မည့် မြန်မာ့လက်ရွေးစင် ဘိလိယက်အားကစားသမား သုံးဦးယှဉ်ပြိုင်သည့် Professional  and Amateur ဘိလိယက်လက်ရည်စမ်းပြိုင်ပွဲကို ယနေ့နံနက်ပိုင်းတွင် ရန်ကုန်တိုင်းဒေသကြီး   ဝေဇယန္တာလမ်းရှိ အမျိုးသားအားကစားပြိုင်ပွဲရုံ(၁) သုဝဏ္ဏ ဘိလိယက်နှင့် စနူကာ အားကစားလေ့ကျင့်ရေး ခန်းမ၌ ကျင်းပသည်။              ပြိုင်ပွဲသို့ အားကစားနှင့် လူငယ်ရေးရာဝန်ကြီးဌာန၊ အားကစားနှင့် ကာယပညာဦးစီးဌာန ယှဉ်ပြိုင်ရေးနှင့် လေ့ကျင့်ရေးဌာနခွဲ (၂) ညွှန်ကြားရေးမှူး ၊ မြန်မာနိုင်ငံဘိလိယက်နှင့်စနူကာအဖွဲ့ချုပ် ဒုတိယဥက္ကဋ္ဌ ဦးဝင်းထက်မွန် ၊ မြန်မာနိုင်ငံဘိလိယက်နှင့် စနူကာအဖွဲ့ချုပ်မှ အတွင်းရေးမှူးနှင့် တာဝန်ရှိသူများ ၊  ပြိုင်ပွဲဝင်အားကစားသမားများ တက်ရောက်ကြသည်။ ဦးစွာ ယှဉ်ပြိုင်ရေးနှင့် လေ့ကျင့်ရေးဌာနခွဲ (၂) ညွှန်ကြားရေးမှူးက လက်ရည်စမ်း ပြိုင်ပွဲအတွက် အုပ်စုမဲနှိုက်ပေးပြီး ပြိုင်ပွဲ စတင်ကျင်းပရာ အုပ်စု(က)တွင် ဦးပေါက်စ ၊ တေဇာအောင် ၊ အေးမင်းနှင့် အုပ်စု(ခ)တွင် ဦးအောင်ဌေး ၊ ဦးနေသွေးဦး ၊ ကျော်စွာဝင်းတို့ ပါဝင်ကာ ပထမပွဲစဉ်(၁)အဖြစ်  ဦးပေါက်စ နှင့်  တေဇာအောင်တို့ကလည်းကောင်း၊  ပွဲစဉ်(၂) အဖြစ် ဦးအောင်ဌေးနှင့် ဦးနေသွေးဦး တို့ကလည်းကောင်း ယှဉ်ပြိုင်ကစားကြသည်။ အဆိုပါပြိုင်ပွဲကို အောက်တိုဘာလ ၁၀ ရက်အထိ ကျင်းပမည်ဖြစ်ပြီး ပြိုင်ပွဲတွင် တစ်ဦးချင်း ပြိုင်ပွဲနှင့်  နှစ်ယောက် တွဲပြိုင်ပွဲများ ပါဝင်မည်ဖြစ်ကြောင်း သိရသည်။,https://www.myawady.net.mm/node/76382
Sports,www.myawady.net.mm,,https://www.myawady.net.mm/node/76384
Sports,www.myawady.net.mm,,https://www.myawady.net.mm/node/76385
Sports,www.myawady.net.mm,နေပြည်တော်   အောက်တိုဘာ  ၁၁      မန္တလေးတိုင်းဒေသကြီး ကျောက်ဆည်ခရိုင်အတွင်းရှိ အားကစားနှင့် ကာယပညာဦးစီး ဌာနရုံးနှင့် အားကစားကွင်း/ အားကစားရုံများကို ယနေ့ မွန်းလွဲပိုင်းတွင် မြန်မာနိုင်ငံအိုလံပစ် ကော်မတီဥက္ကဋ္ဌ အားကစားနှင့်လူငယ်ရေးရာ ဝန်ကြီးဌာနနှင့် ဟိုတယ်နှင့်ခရီးသွားလာရေး ဝန်ကြီးဌာန ပြည်ထောင်စုဝန်ကြီး Jeng Phang နော်တောင်သည် တာဝန်ရှိသူများနှင့်အတူ သွားရောက်ကြည့်ရှု စစ်ဆေးသည်။ ထိုသို့ကြည့်ရှုစစ်ဆေးစဉ် ပြည်ထောင်စုဝန်ကြီးက အားကစားကွင်း/ အားကစားရုံများ ယခုထက်   ပိုမိုတိုးတက်ကောင်းမွန်ပြီး အစဉ်အမြဲသန့်ရှင်း သာယာလှပစေရေးအတွက် အမြဲထိန်းသိမ်း စောင့်ရှောက်သွားရန်လိုကြောင်း၊ ထူးချွန်ထက်မြက်သည့်  မျိုးဆက်သစ် အားကစားသမားများ ပေါ်ထွက်လာစေရေးနှင့် အားကစားနှင့် ကာယပညာသိပ္ပံ သင်တန်းသားများ ရရှိစေရေးအတွက် အခြေခံပညာကျောင်းများနှင့် ချိတ်ဆက်ပြီး သတ်မှတ်စံချိန်စံညွှန်းများနှင့် ကိုက်ညီသည့်  ကျောင်းသား၊ ကျောင်းသူများကို သင်တန်းသားရွေးချယ်မှုတွင်  အထောက်အကူပြုစေမည့်   အခြေခံနည်းစနစ်များနှင့် ကြံ့ခိုင်မှုများကို   စီမံချက်များရေးဆွဲ၍ စနစ်တကျ   သင်ကြားလေ့ကျင့် ပေးသွားရန်လိုကြောင်း၊ မန္တလေးတိုင်းဒေသကြီး အားကစားဖွံ့ဖြိုး တိုးတက်စေရန်နှင့် မျိုးဆက်သစ်အားကစားသမားများ မွေးထုတ်ပေးနိုင်စေရန်အတွက်     အခြေခံကျသည့် ကျောက်ဆည်ခရိုင်/ မြို့နယ်များမှ တာဝန်ရှိသူများက    သက်ဆိုင်ရာဌာနများနှင့် ပေါင်းစပ်ညှိနှိုင်း၍ စနစ်တကျ ရေတို/ရေရှည်    စီမံချက်များရေးဆွဲပြီး အကောင်အထည်ဖော် ဆောင်ရွက်သွားကြရန် မှာကြားခဲ့ကြောင်း သိရသည်။,https://www.myawady.net.mm/node/76446
Sports,www.myawady.net.mm,နေပြည်တော် အောက်တိုဘာ ၁၁      အားကစားနှင့် လူငယ်ရေးရာဝန်ကြီးဌာနမှ ကြီးမှူး၍ တိုင်းဒေသကြီး၊ ပြည်နယ်အစိုးရအဖွဲ့နှင့် မြန်မာနိုင်ငံဘောလုံးအဖွဲ့ချုပ်တို့ ပူးပေါင်းကျင်းပသည့် ၂၀၂၅ ခုနှစ် တိုင်းဒေသကြီးနှင့်ပြည်နယ် အသက် ၂၅နှစ်အောက် အမျိုးသမီးဘောလုံးပြိုင်ပွဲ ပွဲစဉ်များကို ယနေ့ မွန်းလွဲပိုင်းတွင် ရှမ်းပြည်နယ်၊ ကရင်ပြည်နယ်၊ ဧရာဝတီတိုင်းဒေသကြီးနှင့် ပဲခူးတိုင်းဒေသကြီးတို့တွင် ဇုန်(၄)ဇုန်ခွဲ၍ သက်ဆိုင်ရာဇုန်များအလိုက် အားကစားကွင်းများ၌ စတင်ကျင်းပသည်။ ဘောလုံးပြိုင်ပွဲ ပွဲစဉ်များအဖြစ် ရှမ်းပြည်နယ် တောင်ကြီးမြို့  ပြည်နယ်အားကစားကွင်း၌ ရှမ်းပြည်နယ်အသင်းနှင့် တနင်္သာရီတိုင်းဒေသကြီးအသင်းတို့ ယှဉ်ပြိုင်ကစားခဲ့ရာ နှစ်ဖက်စလုံး ဂိုးမရှိ သရေရလဒ်ဖြင့်လည်းကောင်း၊ ကရင်ပြည်နယ် ဘားအံမြို့ ဇွဲကပင် အားကစားကွင်း၌ ရန်ကုန်တိုင်းဒေသကြီးအသင်းနှင့် ပြည်ထောင်စုနယ်မြေ နေပြည်တော်အသင်းတို့  ယှဉ်ပြိုင်ကစား ခဲ့ရာ  ရန်ကုန်တိုင်းဒေသကြီးအသင်းက ပြည်ထောင်စုနယ်မြေ နေပြည်တော်အသင်းကို  ၁ ဂိုး ဂိုးမရှိဖြင့်လည်းကောင်း၊ ဧရာဝတီတိုင်းဒေသကြီး ပုသိမ်မြို့ ကိုးသိန်းအားကစားကွင်း၌ ဧရာဝတီတိုင်းဒေသကြီးအသင်းနှင့် မန္တလေးတိုင်းဒေသကြီးအသင်းတို့ ယှဉ်ပြိုင်ကစားခဲ့ရာ တစ်ဖက် ၁ ဂိုးစီသရေရလဒ်ဖြင့်လည်းကောင်း၊ ပဲခူးတိုင်းဒေသကြီး ပဲခူးမြို့ အားကစားဥယျာဉ်ကွင်း၌ စစ်ကိုင်းတိုင်းဒေသကြီးအသင်းနှင့်   ကယားပြည်နယ်အသင်းတို့ ယှဉ်ပြိုင်ကစားခဲ့ရာ စစ်ကိုင်းတိုင်းဒေသကြီးအသင်းက   ကယားပြည်နယ်အသင်းကို ၈ ဂိုး ဂိုးမရှိဖြင့်လည်းကောင်း အနိုင်ရရှိကြသည်။ အဆိုပါ ၂၀၂၅ ခုနှစ်    တိုင်းဒေသကြီးနှင့်ပြည်နယ် အသက်၂၅နှစ်အောက် အမျိုးသမီးဘောလုံးပြိုင်ပွဲကို အောက်တိုဘာလ ၁၈ ရက်အထိ အုပ်စုပတ်လည်ပြိုင်ပွဲပွဲစဉ်များကို ကရင်ပြည်နယ်၊ ရှမ်းပြည်နယ်၊ ပဲခူးတိုင်းဒေသကြီးနှင့်   ဧရာဝတီတိုင်းဒေသကြီးတို့တွင်  ဇုန်လေးဇုန်ခွဲ၍ ကျင်းပသွားမည်ဖြစ်ပြီး အောက်တိုဘာလ ၂၁ ရက်၊ ၂၃ ရက်နှင့် ၂၅ ရက်တို့တွင် ကျင်းပမည့် ရှုံးထွက်ပွဲစဉ်များ၊ တတိယလုပွဲပွဲစဉ်နှင့်  ဗိုလ်လုပွဲပွဲစဉ်များကို ရန်ကုန်မြို့ရှိ    အားကစားကွင်းများ၌ ဆက်လက်ကျင်းပသွားမည်ဖြစ်သည်။ အောက်တိုဘာလ ၁၂ ရက်ပြိုင်ပွဲ ပွဲစဉ်များအဖြစ် ညနေ ၃ နာရီမှစတင်၍ ရှမ်းပြည် နယ်  တောင်ကြီးမြို့ ပြည်နယ်အားကစားကွင်း၌ မကွေးတိုင်းဒေသကြီးအသင်းနှင့် ရခိုင်ပြည်နယ်အသင်း၊  ဧရာဝတီတိုင်းဒေသကြီး ပုသိမ်မြို့ ကိုးသိန်းအားကစားကွင်း၌ ကချင်ပြည်နယ်အသင်းနှင့် မွန်ပြည်နယ်အသင်းတို့ ဆက်လက်ယှဉ်ပြိုင်ကစားသွား ကြမည်ဖြစ်၍   အားကစားဝါသနာရှင် မိဘပြည်သူများအနေဖြင့် မည်သူမဆို အခမဲ့ လာရောက်ကြည့်ရှု အားပေးနိုင်ကြောင်း  သိရသည်။,https://www.myawady.net.mm/node/76474
Sports,www.myawady.net.mm,,https://www.myawady.net.mm/node/76514
Education & Technology,myawady.net.mm,,https://myawady.net.mm/ydbnewspaper
Sports,www.myawady.net.mm,,https://www.myawady.net.mm/node/76516
Education & Technology,myawady.net.mm,,https://myawady.net.mm/mwdnewspaper
Sports,www.myawady.net.mm,,https://www.myawady.net.mm/node/76517
Education & Technology,www.myawady.net.mm,အမေရိကန်မှ General Atomics နဲ့ ကနေဒါနိုင်ငံမှ Kepler Communicationsတို့ပူးပေါင်းပြီး ဆက်သွယ်ရေးနည်းလမ်း တစ်မျိုးကို ဆန်းသစ်တီထွင်လိုက်ပါတယ်။ အထူးသဖြင့် လေယာဉ်နဲ့ဂြိုဟ်တုကြားရှိ ဆက်သွယ်မှုအတွက် လေဆာရောင်စဉ်တန်း အသုံးပြုထားတဲ့ အလွန်မြန်နှုန်းမြင့် ဆက်သွယ်ရေးစနစ်ဖြစ်ပါတယ်။ အခုလုပ်ဆောင်တဲ့ လက်တွေ့စမ်းသပ်မှုအရ မိုင်ပေါင်း ၃၄၀၀ အကွာရှိဂြိုဟ်တုနဲ့ လေယာဉ်တို့ကြား ဆက်သွယ်မှုလုပ်ရာမှာ တစ်စက္ကန့်ကို ၁ ဂစ်ဂါဘစ်ပမာဏရှိတဲ့ အချက်အလက်များကို ပေးပို့နိုင်တယ်လို့ သိရပါတယ်။ ဒီလိုမျိုး ဝေဟင်ပေါ်ကနေ အာကာသထဲအထိ ဆက်သွယ်မှုရယူနိုင်တဲ့ လေဆာရောင်စဉ်တန်းသုံး ဆက်သွယ်မှု နည်းပညာက ကမ္ဘာပေါ်မှာ ပထမဦးဆုံးဖြစ်ပါတယ်။ ကမ္ဘာ့လေထုလွှာ အတွင်းရှိ ရွေ့လျားနေတဲ့ ပလက်ဖောင်းတစ်ခုပေါ်ကနေ အာကာသအတွင်း တည်ရှိနေတဲ့ လက်ခံစက်ထဲကို အချက်ပြမှုထုတ်လွှင့်ခြင်းဟာ အင်မတန်ခက်ခဲတဲ့ အရာတစ်ခုဖြစ်ပါတယ်။ အခုဖန်တီးထားတဲ့ လေဆာရောင်စဉ်တန်းအသုံးပြု အလွန်မြန်နှုန်းမြင့် ဆက်သွယ်ရေးစနစ်ရဲ့ ဒီဇိုင်းအရ အကွာအဝေးကီလိုမီတာ ၅၅၀၀ အထိ ဆက်သွယ်မှု လုပ်နိုင်မယ်လို့ ဆိုပါတယ်။,https://www.myawady.net.mm/node/75091
Education & Technology,www.myawady.net.mm,အင်္ဂါဂြိုဟ်ပေါ်မှ  စုဆောင်းရရှိသည့် လွန်ခဲ့သောနှစ်ဘီလီယံပေါင်းများစွာက ဖြစ်ပေါ်ခဲ့သော  ကျောက်သားနမူနာကို စစ်ဆေးမှုများအရ အဆိုပါဂြိုဟ်ပေါ်၌ သက်ရှိများ ရှိခဲ့ဖူးသည့်လက္ခဏာများကို NASA က ရှာဖွေတွေ့ရှိလိုက်ကြောင်း သိရသည်။ အင်္ဂါဂြိုဟ်ပေါ်ရှိ ရေကန်ဟောင်းတစ်ခု၏ အောက်ခြေအနည်များထဲမှ ကောက်ယူရရှိသော ကျောက်သားနမူနာထဲတွင် အဏုဇီဝသက်ရှိများ ရှိခဲ့ဖူးသောလက္ခဏာများကို တွေ့ရှိရခြင်းဖြစ်သည်ဟု သိပ္ပံပညာရှင်များကပြောသည်။ ယခုတွေ့ရှိမှုကို သိပ္ပံပညာရှင်များက စက်တင်ဘာလ ၁၀ ရက်တွင် ထုတ်ပြန်ခဲ့ခြင်းဖြစ်ပြီး ယခုထုတ်ပြန်ချက်သည် ကမ္ဘာဂြိုဟ်၏ အိမ်နီးချင်းဂြိုဟ်၌ လွန်ခဲ့သော အချိန်များက    သက်ရှိများရှိခဲ့ဖူးသည် ဟူသော ခိုင်လုံသည့် သက်သေအထောက်အထားတစ်ခုဖြစ်သည်။ NASA က စေလွှတ်လိုက်သည့်  Perseverance အမည်ရှိ ခြောက်ဘီးတပ် ဂြိုဟ်ဆင်းယာဉ်တစ်စင်းသည် ၂၀၂၁ ခုနှစ်မှစ၍Jezero အမည်ရှိချိုင့်ဝှမ်းကို လေ့လာရှာဖွေစူးစမ်းမှုများ လုပ်ဆောင်နေခြင်းဖြစ်သည်။ ထိုချိုင့်ဝှမ်းသည် အင်္ဂါဂြိုဟ်မြောက်ပိုင်းရှိ နယ်မြေတစ်ခုဖြစ်ပြီး တစ်ချိန်ကရေများ ရှိခဲ့ဖူးသော ကန်ကြီးတစ်ခုဖြစ်ကြောင်းနှင့် သက်ရှိများရှိခဲ့ဖူးသော နေရာတစ်ခုဖြစ်ကြောင်း သိပ္ပံပညာရှင်များက မှတ်ယူထားသည်။ အဆိုပါဂြိုဟ်ဆင်းယာဉ်သည် ထိုချိုင့်ဝှမ်းအတွင်းရှိ ကျောက်သားနမူနာများနှင့် မြေမှုန်များကို စုဆောင်းရယူကာ ၎င်းတွင်ပါဝင်သည့် ကိရိယာများဖြင့် စစ်ဆေးမှုများ လုပ်ဆောင်ပြီးနောက် ရလဒ်များကိုကမ္ဘာမြေပေါ်သို့ ပြန်လည်ပို့ဆောင်ပေးခြင်း ဖြစ်သည်။ အင်္ဂါဂြိုဟ်သည် သက်ရှိများနေထိုင်ရန် သင့်လျော်ခြင်းမရှိသော ဂြိုဟ်ကြီးတစ်လုံးအဖြစ် ယနေ့အချိန်အထိ သတ်မှတ်ခံထားရပြီး ထိုဂြိုဟ်ပေါ်တွင် ရေများသည်လည်း ယခင်အချိန်များကသာရှိခဲ့ကြောင်း ပညာရှင်များက တညီတညွတ်တည်း ထောက်ခံထားသည်။ ယခုစူးစမ်းလေ့လာမှုများ လုပ်နေသည့်Jezero ချိုင့်ဝှမ်းသည် လွန်ခဲ့သောနှစ်ပေါင်း ၃ ဒသမ ၅ ဘီလီယံခန့်က ပေါ်ပေါက်ခဲ့ခြင်း ဖြစ်နိုင်ကြောင်း ပညာရှင်များက ယူဆထားသည်ဟု သိရသည်။,https://www.myawady.net.mm/node/75092
Education & Technology,www.myawady.net.mm,ရန်ကုန်  စက်တင်ဘာ  ၂၂       ဖိလစ်ပိုင်နိုင်ငံတွင် စက်တင်ဘာလ ၁၉ ရက်မှ ၂၁ ရက်အထိ ကျင်းပခဲ့သော ကမ္ဘာ့စက်ရုပ်အိုလံပစ် အာရှပစိဖိတ်ပြိုင်ပွဲ (World Robot Olympiad Asia Pacific Open Championship)တွင် မြန်မာ We Are Genius MYANMAR အသင်းသည် AI အသုံးပြုရှာဖွေ ကယ်ဆယ်ရေးစက်ရုပ်ကားဖြင့် ပထမဆုရရှိခဲ့‌ကြောင်း သိရသည်။ အဆိုပါပြိုင်ပွဲသည် စက်ရုပ်ကားကို သဘာဝဘေးဒဏ် အန္တရာယ်ကျရောက်သည့် အခြေအနေများတွင် လူဝင်ရောက်ရန် ခက်ခဲ‌သော နေရာများထဲသို့  အလိုအလျောက် သွားလာ‌သောစနစ်ဖြင့် ရှာ‌ဖွေကယ်ဆယ်ရေးပြုလုပ်နိုင်ရန် ရည်ရွယ်ထုတ်လုပ်ပြသမှုဖြင့် အောင်မြင်မှုရရှိခဲ့ခြင်းဖြစ်သည်။ ယင်းပြိုင်ပွဲတွင် ပထမဆုရရှိခဲ့သော We Are Genius MYANMAR အသင်း၌ မိုးပြည့်စုံကျော် ၁၁ နှစ်၊ ကျော်ဘုန်းခန့် ဇော် ၁၁ နှစ်နှင့် ဉာဏ်ကိုး ၁၂  နှစ်တို့သည် ဟောင်ကောင်၊ တရုတ်၊ ဂျပန်၊ ဂျာမနီ၊ ထိုင်း၊ ဗီယက်နမ်၊ ဖိလစ်ပိုင်၊ ဘင်္ဂလားဒေ့ရှ်၊ မကာအို စသည့်နိုင်ငံများဖြင့် ယှဉ်ပြိုင်ခဲ့ကြပြီး ပထမဆု ရရှိခဲ့‌ခြင်းဖြစ်ကြောင်း လည်း သိရသည်။ ကမ္ဘာ့စက်ရုပ်အိုလံပစ် အာရှပစိဖိတ် ပြိုင်ပွဲသို့ မြန်မာနိုင်ငံကိုယ်စားပြု We Are Genius MYANMAR အသင်း၊ ILBC အသင်း၊ CIY Club အသင်းတို့ ၀င်ရောက်ယှဉ်ပြိုင်ခဲ့ ကြကြောင်း သိရသည်။,https://www.myawady.net.mm/node/75594
Education & Technology,www.myawady.net.mm,တရုတ်နိုင်ငံက ဆိုဗီယက်ခေတ်ဂျက်လေယာဉ်များကို ပေါင် ၅၅၀ ဗုံးများတပ်ဆင်ထားတဲ့ ဒရုန်းများ အဖြစ်ပြောင်းလဲနေတာကို   မကြာသေးခင်ကထုတ်ဖော်ပြသခဲ့ပါတယ်။ တရုတ်ပြည်သူ့လွတ်မြောက် ရေးတပ်မတော်က အဲဒီဒရုန်းကို ချန်ချွင်းလေကြောင်းပြပွဲမှာ ထုတ်ဖော်ပြသခဲ့တာပါ။ တရုတ်နိုင်ငံက ၁၉၆၀ ပြည့်နှစ်အလွန်ကာလများမှသည် ၁၉၈၀ ပြည့်နှစ်အလွန်ကာလများအထိ ဆိုဗီယက်ခေတ် MiG-19ပုံစံတူ J-6 များကို အစင်းရေထောင်ပေါင်းများစွာထုတ်လုပ်ခဲ့တာပါ။ J-6 ဂျက်လေယာဉ်တွေက အသံထက် ၁ ဒသမ ၃ ဆမြန်တဲ့နှုန်းနဲ့ မိုင်ပေါင်း ၄၃၅ မိုင်ခန့်ပျံသန်းနိုင်ပါတယ်။   လေကြောင်းပြပွဲမှာဖော်ပြထားတဲ့  အချက်အလက်များအရဆိုရင် တရုတ်နိုင်ငံက ပထမဆုံးသော မောင်းသူမဲ့J-6 လေယာဉ်ကို ၁၉၉၅ ခုနှစ်ကတည်းကထုတ်လုပ်ထားခဲ့တာဖြစ်တယ်လို့သိရပါတယ်။ မောင်းသူမဲ့အဖြစ်ပြောင်းလဲမှုမှာတော့လေယာဉ်မှူးလိုက်ပါမှုနဲ့ဆက်စပ်တဲ့စနစ်တွေအားလုံးကိုဖြုတ်ပြီး အလိုအလျောက်မောင်းနှင်မှုထိန်းချုပ်ရေးစနစ်များအပြင်လစ်လပ်သွားတဲ့နေရာများမှာ နောက်ထပ် လက်နက်များကိုထည့်သွင်းတပ်ဆင်ပေးထားတာဖြစ်ပါတယ်။ Ref: IE ကိုထက်,https://www.myawady.net.mm/node/75672
Education & Technology,www.myawady.net.mm,တရုတ်နိုင်ငံက ကမ္ဘာ့ပထမဆုံးအဖြစ်မဂ္ဂါဝပ်ပမာဏရှိတဲ့  လျှပ်စစ်ဓာတ်အားထုတ်လုပ်ပေးနိုင်မယ့် လေသင်္ဘောကြီးကိုအောင်မြင်စွာစမ်းသပ်မှုလုပ်ဆောင်လိုက်နိုင်ပါတယ်။  တစ်နည်းအားဖြင့် ပြောရရင် အဲဒီလေသင်္ဘောကြီးဆိုတာ လေပေါ်ပျံဝဲနေတဲ့ လေတာဘိုင်ကြီးတစ်ခုသာဖြစ်ပါတယ်။ အခု S1500 လို့အမည်ရတဲ့ လေသင်္ဘောကြီးဟာ လေတိုက်နှုန်းပြင်းထန်တဲ့နေရာတွေမှာတောင်မှ ကောင်းစွာအလုပ်လုပ်နိုင်စွမ်းရှိတယ်ဆိုတာကို မြင်တွေ့လိုက်ရပါတယ်။ ဒါ့အပြင် တခြားသော ပြင်းထန် တဲ့စမ်းသပ်မှုတွေကိုလည်း လုပ်ဆောင်ခဲ့ပြီးစမ်းသပ်မှုအားလုံးကို အောင်မြင်စွာကျော်ဖြတ်နိုင်ခဲ့ပါ တယ်။ ဒီလိုအောင်မြင်မှုဟာတကယ့်ကို မှတ်ကျောက်တင်လောက်တဲ့အောင်မြင်မှုဖြစ်တယ်လို့ ဆိုပါတယ်။ အရှည်က ၁၉၇ ပေ၊ အကျယ်နဲ့အမြင့်က ၁၃၁ ပေစီရှိတဲ့ လေသင်္ဘောကြီးဟာတည် ဆောက်ခဲ့ဖူး သမျှသော လေစွမ်းအင်သုံးလျှပ်စစ်ဓာတ်အားထုတ်လုပ်ရေးစနစ်တွေထဲမှာ အကြီးဆုံးဖြစ်တယ်လို့ လည်းဆိုနိုင်ပါတယ်။ ထုတ်လုပ်ပေးမယ့်လျှပ်စစ်ဓာတ်အားပမာဏက ၁ ဒသမ ၂ မဂ္ဂါဝပ်ရှိမှာဖြစ် ပါတယ်။                Ref: IE ကိုထက်,https://www.myawady.net.mm/node/75674
Education & Technology,www.myawady.net.mm,တောင်ကိုရီးယားနိုင်ငံမှ သုတေသနပညာရှင်အဖွဲ့တစ်ဖွဲ့က ရေဒီယိုသတ္တိကြွဓာတ်ရောင်ခြည်သင့် မြေကြီးကို အချိန်တိုအတွင်း လျင်မြန်စွာသန့်စင်ပေးနိုင်မယ့် နေရောင်ခြည်စွမ်းအင်သုံး အပင်တု တစ်မျိုးကိုဖန်တီးထုတ်လုပ်ပြီးအောင်မြင်စွာစမ်းသပ်လိုက်နိုင်ပါတယ်။ ပညာရှင်များက အပင်တစ်ပင်ရဲ့သဘာဝအတိုင်းဖြစ်ပေါ်မှုလုပ်ငန်းစဉ်များကိုတုပကာ ဒီလိုအပင်တု ကိုဖန်တီးလိုက်တာဖြစ်ပါတယ်။ အဲဒီအပင်တုရဲ့စွမ်းဆောင်ရည်က ရေဒီယိုသတ္တိကြွပစ္စည်းဖြစ်တဲ့ စီဇီယမ်သင့်မြေကြီးကို ရက်ပေါင်း ၂၀ အတွင်းမှာပင် ၉၅ ရာခိုင်နှုန်းအထိသန့်စင်ပေးနိုင်စွမ်းရှိတာ ဖြစ်ပါတယ်။ အခုလိုမျိုး တီထွင်ဆန်းသစ်မှုတွေကိုလုပ်ဆောင်နိုင်ခြင်းကြောင့်နျူကလီးယားမတော်တဆမှုဖြစ်ပွားတဲ့နေရာတွေ၊ ညစ်ညမ်းနေတဲ့ စိုက်ပျိုးမြေနေရာတွေကိုသန့်ရှင်းရေးပြုလုပ်နိုင်ဖို့အတွက်အကောင်းဆုံး သောနည်းလမ်းတစ်ခု ပေါ်ထွက်လာစေပါတယ်။ စီဇီယမ်ဒြပ်စင်က ပတ်ဝန်းကျင်အတွက်သာမကကျန်းမာရေးအတွက်ပါကာလရှည်ကြာဆိုးကျိုးဖြစ်စေတဲ့ ဒြပ်စင်တစ်မျိုးဖြစ်ပါတယ်။                Ref: IE ကိုထက်,https://www.myawady.net.mm/node/75677
Education & Technology,www.myawady.net.mm,တိုကျို၊ ပညာရေး ဂျပန်အစိုးရက စာသင်ကျောင်းများ၌ဒစ်ဂျစ်တယ်ကျောင်းသုံးဖတ်စာအုပ်များကိုအသုံးပြုရန် အတည်ပြုဆုံးဖြတ်ချက်ချလိုက်ပြီဖြစ်ကြောင်းနှင့် အဆိုပါအစီအစဉ်၏ ကနဦးခြေလှမ်းအဖြစ် ၂၀၃၀ ပြည့်နှစ်တွင် မူလတန်းကျောင်းများ၌ စတင်အသုံးပြုသွားမည်ဖြစ်ကြောင်းသိရသည်။ ပညာရေးဝန်ကြီးဌာန၏ လုပ်ငန်းအဖွဲ့ကအတည်ပြုလိုက်သည့် အဆိုပါပြုပြင်ပြောင်းလဲမှုကြောင့်   ကျောင်းဆရာများအနေဖြင့် လက်ရှိအသုံးပြုနေသည့် သမားရိုးကျကျောင်းသုံးဖတ်စာအုပ်များကိုသာအသုံးပြုမှုနှင့် ဒစ်ဂျစ်တယ်ကျောင်းသုံးဖတ်စာအုပ်များကို   အသုံးပြုမှုတို့ကြား ကိုယ်ကြိုက်နှစ်သက်သည့်နည်းလမ်းကို ရွေးချယ်သင်ကြားခွင့်ရရှိမည်ဖြစ်ကြောင်းတာဝန်ရှိသူများကပြောသည်။ သို့သော်ဒစ်ဂျစ်တယ်ဖတ်စာအုပ်များကိုအသုံးပြုရန် ခွင့်ပြုပေးခြင်းသည် ကျောင်းဆရာများ၊ ကျောင်းသုံးဖတ်စာအုပ်ထုတ်လုပ်သူများအပေါ် ဝန်ပိစေမည်ဖြစ်ကြောင်း၊  ကျောင်းသားများတွင်လည်း အမြင်အာရုံချို့ယွင်းမှုအပြင် အခြားသော ကျန်းမာရေးပြဿနာများကိုပါဖြစ်စေနိုင်မည်ဖြစ်ကြောင်းကျွမ်းကျင်ပညာရှင်အချို့ကပြောထားသည်။ ပညာရေးဝန်ကြီးဌာနအနေဖြင့် စာသင်ခန်းများအတွင်း ဒစ်ဂျစ်တယ်သင်ကြားမှုအထောက်အကူပြုပစ္စည်းများကို မည်ကဲ့သို့အသုံးပြုရမည်နှင့်ပတ်သက်၍ လမ်းညွှန်ချက်များထုတ်ပြန်သွားမည်ဖြစ်ကြောင်း လုပ်ငန်းအဖွဲ့ကပြောသည်။ ဂျပန်နိုင်ငံ၌ လက်ရှိတွင်  ဒစ်ဂျစ်တယ်ကျောင်းသုံးဖတ်စာအုပ်များကို အလျဉ်းသင့်သလိုအသုံးပြုလျက်ရှိနေကြောင်း၊ ထိုဖတ်စာအုပ်များသည် မူလစာအုပ်များကိုပုံတူပြုလုပ်ထားခြင်းဖြစ်ပြီး စာဖတ်ပြနိုင်သည့်လုပ်ဆောင်ချက်ပါဝင်ကြောင်းသိရသည်။                     Ref: BP,https://www.myawady.net.mm/node/75692
Education & Technology,www.myawady.net.mm,နေပြည်တော်  စက်တင်ဘာ  ၂၆      ရုရှားဖက်ဒရေးရှင်းနိုင်ငံသို့ အလုပ်သဘောခရီး ရောက်ရှိနေသည့် ပြည်ထောင်စု သမ္မတမြန်မာနိုင်ငံတော် ယာယီသမ္မတ နိုင်ငံတော်လုံခြုံရေးနှင့် အေးချမ်းသာယာ ရေးကော်မရှင်ဥက္ကဋ္ဌ ဗိုလ်ချုပ်မှူးကြီး မင်းအောင်လှိုင်နှင့်အတူ လိုက်ပါလာသည့် ပြည်ထောင်စုဝန်ကြီးများသည် ရုရှားဖက်ဒရေးရှင်းနိုင်ငံ မော်စကိုမြို့၌ စက်တင်ဘာ လ၂၆ ရက် ဒေသစံတော်ချိန် နေ့လယ်ပိုင်းက ‘‘အရာအားလုံးက  အက်တမ်ကနေ စတင်တယ်”ဟူသောခေါင်းစဉ်ဖြင့် ကျင်းပပြုလုပ်သည့် မျက်နှာစုံညီအစည်းအဝေးကို ပါဝင်တက်ရောက်ခဲ့ကြောင်း သိရသည်။ အဆိုပါမျက်နှာစုံညီ အစည်းအဝေးကို ရုရှားဖက်ဒရေးရှင်းနိုင်ငံ၊ နိုင်ငံပိုင်အဏုမြူ စွမ်းအင်ကော်ပိုရေးရှင်း(ROSATOM) ညွှန်ကြားရေးမှူးချုပ် Mr. Alexey Likhachev ဦးဆောင်ပြုလုပ်ခဲ့ပြီး လျှပ်စစ်စွမ်းအားဝန်ကြီးဌာန ပြည်ထောင်စုဝန်ကြီး  ဦးဉာဏ်ထွန်း၊ စွမ်းအင်ဝန်ကြီးဌာန ပြည်ထောင်စုဝန်ကြီး ဦးကိုကိုလွင်၊ ကျန်းမာရေးဝန်ကြီးဌာန ပြည်ထောင်စုဝန်ကြီး ဒေါက်တာသက်ခိုင် ဝင်း၊ မန္တလေးတိုင်းဒေသကြီး ဝန်ကြီးချုပ်ဦးမျိုးအောင်၊   ဒုတိယဝန်ကြီးများနှင့် UMFCCI မှ ကိုယ်စားလှယ်အဖွဲ့ဝင်များ တက်ရောက်ခဲ့ကြသည်။ အဆိုပါ မျက်နှာစုံညီအစည်းအဝေးသို့ ပါဝင်တက်ရောက်ခဲ့သည့် ပြည်ထောင်စု ဝန်ကြီးများ၏ စကားသံများကိုလည်း အခုလိုပဲ ကြားသိခဲ့ရပါတယ်-     ဒီနေ့က Atomic Energy Forum ကို လာတာပေါ့နော်။ နိုင်ငံတော်အကြီးအကဲနဲ့ အတူ လာကြတာပေါ့။ လာကြတဲ့အခါကျ တော့  Atomic Energy နဲ့ ပါဝင်ပတ်သက် တဲ့ တာဝန်ရှိသူတွေ ပါလာကြတယ်။ ပြောချင်တာကတော့ Energy ဆိုတာကို အရင်ဆုံးပြောချင်တယ်။ Energy ဆိုတာက လူသားတွေအတွက် မရှိမဖြစ်လိုအပ်ချက် ပဲ။ အရေးကြီးဆုံး လိုအပ်ချက်ပဲ။ အဲ့တော့ Energy ရှိမှ ကိုယ်လိုချင်တာလုပ်လို့ရမယ်။ လူမှုဘဝ ရှင်သန်ဖို့အတွက်၊ နေ့စဉ် Daily Life အတွက် Energy လိုတယ်။ နိုင်ငံတစ်နိုင်ငံ စီးပွားဖွံ့ဖြိုးဖို့အတွက် Energy လိုတယ်။ အဲ့ဒီမှာ Energy ဆိုတာက Energy ရရှိဖို့ အတွက် ကျွန်တော်တို့ Primary Energy လို့ခေါ်တာပေါ့နော်။ Primary Energy ဆိုတာ ဒီ Energy ကို Source က ဘယ် Source ကယူတာလဲ။ ပြီးတဲ့အခါကျမှ Secondary Energy ကို ပြန်ပြီးတော့ Transform လုပ်တယ်။ ဥပမာအားဖြင့် ကျွန်တော်တို့လုပ်နေတဲ့ Oil and Gas ဆိုလို့ ရှိရင် Oil and Gas ကို Primary Energy အနေနဲ့လုပ်တယ်။ အဲ့ဒီကနေပြီးတော့ Secondary Energy နဲ့ Transform လုပ်တဲ့အခါကျတော့ Electricity ဆိုတာရတယ်။ Electricity သည် Secondary Energy ။ အဲ့ဒီ Secondary Energy ကနေပြီးတော့ လိုချင်တဲ့       လူတွေရဲ့လိုအပ်ချက်တွေကို အသုံးပြုကြတယ်ပေါ့နော်။ အခု ဒီ Atomic Energy ကျတော့ Primary Energy အနေ နဲ့ ဘယ်ကရလဲဆိုတော့ Atom တွေက ရတယ်။ Atom တွေက Uranium ပေါ့နော်၊ Plutonium ပေါ့နော်၊ Thorium အဲ့ဒီ Atom တွေကနေပြီးတော့ Atom တွေက Fusion ဖြစ်တဲ့အခါကျတော့ Atom တွေက နေပြီးတော့ Nucleus က ကွဲသွားတယ်။ ပြိုကွဲသွားတဲ့အခါ Neutron တွေထွက်လာ တယ်။ အဲ့ဒီကနေပြီးတော့ ဒါ Primary Energy ပေါ့။ အဲ့ဒီကနေ ပြီးတော့ Secondary Energy ဖြစ်တဲ့ အမျိုးမျိုးသောအသုံးပြုမှု တွေကိုသွားရော။ အခုဒီနေ့ကတော့ ထွက် လာတဲ့ Energy တွေကို လျှပ်စစ်ထုတ်ဖို့ပေါ့။ နောက်တစ်ခါ ဒီအပြင် စိုက်ပျိုးရေးကိစ္စ တွေမှာသုံးမယ်။ ကျန်းမာရေးကိစ္စတွေမှာ သုံးမယ်။ အများကြီး အများကြီးသုံးလို့ရ တယ်။  တချို့ဒါတွေသုံးမှာပေါ့။  ဒီနေ့ ဆွေးနွေးကြတာတွေကလည်း  ဒါတွေ ဆွေးနွေးတာပေါ့။ အဲ့တော့ နံပါတ်တစ်က Atomic Energy ပေါ့နော်။ Nuclear Energy လုပ်မယ်ဆိုရင် နံပါတ်တစ် အရေးကြီးဆုံး ကတော့ ဘာအရေးကြီးဆုံးလည်းဆိုရင် အဓိက ဒီ HR ပေါ့။ Nuclear Energy နဲ့ ပတ်သက်တဲ့ HR တွေ ဖွံ့ဖြိုးအောင်လုပ်ရ မယ်။ နောက်တစ်ခါကျတော့ Infrastructure တွေလုပ်ရမယ်။ ဒါအရေးကြီးဆုံးပဲ။ နံပါတ် နှစ်ကတော့ အဓိက Financing ပေါ့။ ငွေကြေးလိုအပ်တယ်။ ဒီမှာလည်း အခု ဆွေးနွေးနေကြတယ်။ IAEA က ပြောသွား တယ်။ ဒီ Financing အတွက်လိုအပ်တယ် ပေါ့နော်။ နံပါတ်သုံးကတော့ သူ့ရဲ့ Security ပေါ့။ Security ဆိုတာက အဲ့ဒီမှာ ဘာပါ သွားလဲဆိုတော့ နှစ်ပိုင်းပါတယ်။ Nuclear ထုတ်တဲ့ Powerplant ကြီးတွေရဲ့ Secure ဖြစ်ဖို့လိုတယ်။ Very High Temperature မှာ သူကအလုပ်လုပ်တာ။ အဲ့ဒီ Very High Temperature မှာအလုပ်လုပ်တဲ့ အခါကျ တော့ အဲ့ဒီကနေပြီးတော့ Super Heated Region ကနေ Steam တွေထွက်လာတယ်။ အဲ့ဒါကိုသုံးတာ။ သို့သော် သုံးချင်တဲ့ Steam တွေက သုံးပြီး၊ သုံးနေတဲ့အချိန်မှာ အဲ့ဒီ Plant ကြီးကိုကျတော့ Cooling System တွေက အအေးပေးထားရတယ်။ နောက် တစ်ခါကျတော့ Nuclear Atom တွေက ပြိုကွဲသွားတဲ့အခါကျတော့ Radiation တွေ ထွက်လာတယ်။ အဲ့ဒါတွေကို အကာ အကွယ်ပြုလုပ်ရတယ်။ ဒါကြောင့်မို့ လူတွေ က Nuclear ဆိုတာနဲ့ နံပါတ်တစ် Security ဆိုတဲ့နေရာမှာ အဲ့ဒီမှာ အလုပ်လုပ်မယ့် လူတွေက ဟာ… ဒါဆိုရင် သူတို့ဘာဖြစ် မလဲ။ စိုးရိမ်မှုတွေရှိတယ်။ နောက်တစ်ခုက ကျတော့ အဲ့ဒါကို သုံးစွဲမယ့် ပြည်သူလူထု ပေါ့။ ခုနက IAEA က ပြောသွားတယ်။ ပြည်သူ လူထုက  Nuclear ဆိုရင် လန့်နေကြတယ်။ အဲ့ဒါကို ပြောပြရမယ်။ ဒီနေ့က ဒီ Technology တွေက တဖြည်းဖြည်းနဲ့ မြင့်တက်လာ တယ်။ အခုဆိုရင် Generation က 3 Plus သွားပြီ။ နောက်တစ်ခါကျတော့ သူတို့ 4 ကို သွားဖို့ သူတို့ဆွေးနွေးနေကြပြီ။ 4 သွားပြီဆိုလို့ရှိရင် ပိုပြီးတော့ Secure ဖြစ်လာမယ်။ နောက်တစ်ခါကျတော့ အခုက Nuclear သုံးပြီဆိုလို့ရှိရင် Uranium တွေ  အစွမ်းမဲ့သွားပြီ။ အဲ့ဒါတွေကို စွန့်ပစ်ရမယ်။ စွန့်ပစ်ရတဲ့ ပြဿနာတွေကို ရင်ဆိုင်ရပြီ။ အဲ့ဒီဟာတွေကို Depleted Uranium  တွေကို မစွန့်ပစ်ရတော့ဘူး။ ပြန်သုံးမယ်။ Reuse ပြန်လုပ်မယ်။ အဲ့ဒါ 4th Generation ဆိုပြီးတော့ သွားနေကြတယ်။ အဲ့ဒီမှာတော့ ရုရှားက Leading Country ဖြစ်တယ်။ ဒီအပေါ်မှာ သူတို့ကို Appreciate လုပ်တယ်။ မနေ့ကလည်း နိုင်ငံတော်အကြီးအကဲတွေ ဆွေးနွေးကြတဲ့အထဲမှာ အဲ့ဒီခေါင်းစဉ်တွေ ပါတယ်။ ဒီနေ့လည်း   ဆွေးနွေးတယ်။ ဘာပြောပြော ကျွန်တော်တို့နိုင်ငံအနေနဲ့ သည်  Energy Mix ဆိုတဲ့နေရာမှာNuclear သည်   အချိုးတစ်ခု ပါကိုပါရမယ်။ အဲ့ဒါမှ နိုင်ငံဖွံ့ဖြိုးတိုးတက်လာမယ်။ ဒါကို ဦးတည်ပြီးသွားနေတယ်။ ဒီနေ့လည်း ကျွန်တော်တို့ နိုင်ငံတော်အကြီးအကဲရဲ့ ရှေ့မှောက်မှာ လက်မှတ်ထိုးကြတယ်။ အဲ့ဒါ  ကျွန်တော်တို့ မဖြစ်မနေဆောင်ရွက်ရမယ်။ အဲ့ဒါကို ပြည်သူလူထုအနေနဲ့ကလည်း ဆောင်ရွက်ရမယ်။ သူတို့ရဲ့ လူမှုစီးပွားဘဝ  ဖွံ့ဖြိုးတိုးတက်မှုအတွက် အင်မတန်အရေးပါ တယ်ဆိုတာကို ပြည်သူလူထု နားလည်ရ မယ်။ သိရမယ်။ အဲ့ဒါကို ကျွန်တော် ပြောချင်တာ။ ဒီဟာကို ဒီဘက်ကလည်း Technology တွေအရ Secure လုပ်မယ်။ နောက်တစ်ခါ ကျတော့ ပါဝင်ပတ်သက်မယ့်လူပေါ့။ ဒီမှာ အလုပ်လုပ်မယ့် လူတွေ၊ အဲ့ဒီလုပ်မယ့်လူတွေ ကအစ ဒီပညာတွေသင်ဖို့အတွက် သူတို့က စိုးရိမ်စိတ်တွေ ရှိစရာမလိုဘူး။ အခုလည်း ဒီမှာ Nuclear နဲ့ပတ်သက်တဲ့ပညာရှင် ငယ်ငယ်လေးတွေ ကျွန်တော်တို့ တွေ့ခဲ့ရ တယ်။ လွန်ခဲ့တဲ့ နှစ်ပေါင်း ၆၀/၇၀ လောက် ကတည်းက ဒါကိုစလုပ်နေတာ။ ဒါကို ပြည်သူလူထုအနေနဲ့  လုပ်ကိုလုပ်ရတော့မယ်။ ကြိုးစားလုပ်ရမယ်။ ဒါဆို ငါတို့နိုင်ငံတော်အတွက် ဘယ်လို ဖွံ့ဖြိုးတိုးတက်လာမယ်ဆိုတဲ့ အသိအမြင်လေးတွေ ရစေချင်ပါတယ်။       နိုင်ငံတော်အကြီးအကဲနဲ့အတူ မော်စကို မှာကျင်းပတဲ့ (World Atomic Week Forum- 2025)ကို လာရောက်တက်ရောက်ခြင်းဖြစ် ပါတယ်။ ဒီနေ့ ကလည်း နိုင်ငံတော်အကြီး အကဲပါဝင်တဲ့ World Atomic Week ထိပ်သီး ဆွေးနွေးပွဲကို လာရောက်တက်ရောက်ခြင်း ဖြစ်ပါတယ်။ Nuclear Technology နဲ့ ပတ်သက်ပြီးတော့  နိုင်ငံတစ်နိုင်ငံမှာ အသုံးပြုဖို့ဆိုတာ တော်တော်အရေးကြီးတဲ့ ဆုံးဖြတ်ချက်တစ်ခုဖြစ်ပါတယ်။ ဒါတွေကိုဆုံးဖြတ်ချက်ချဖို့ဆိုတဲ့နေရာမှာ နိုင်ငံ တော်အကြီးအကဲတွေကိုယ်တိုင် ပါဝင်ဆုံးဖြတ်ပြီးတော့  အမြော်အမြင်ကြီးစွာ ဆုံးဖြတ်ချက် ပေးဖို့လိုအပ်ပါတယ်။ ဒီအတွက်ကြောင့်လည်း ကျွန်တော်တို့ မနေ့က ထိပ်သီး ဆွေးနွေးပွဲမှာ နိုင်ငံတော်အကြီးအကဲများဟာ မိမိတို့နိုင်ငံတွေအလိုက်  Nuclear Technology ကို မိမိတို့လူမှုပတ်ဝန်းကျင်ကို ဖွံ့ဖြိုးတိုးတက်ဖို့အတွက် စီစဉ်ဆောင်ရွက်နေတဲ့ အစီအစဉ်တွေကို ဆွေးနွေးသွားကြတာတွေ့ရပါတယ်။ ကျွန်တော်တို့နိုင်ငံတော် အနေနဲ့လည်း နိုင်ငံတော်ယာယီသမ္မတကြီး ကနေပြီးတော့ မြန်မာနိုင်ငံမှာဆောင်ရွက် မယ့် Nuclear Technology နဲ့အတူ လူမှု  ပတ်ဝန်းကျင်ဖွံ့ဖြိုးတိုးတက်အောင်စီစဉ် နေတဲ့အစီအစဉ်တွေ၊ နောက်ဆောင်ရွက် မယ့်အစီအစဉ်တွေကို ကျယ်ပြန့်စွာဆွေးနွေး သွားခဲ့ပါတယ်။ ဒီလိုဆွေးနွေးတဲ့အခါမှာလည်း ကျွန်တော်တို့နိုင်ငံရဲ့ Nuclear Technology ကို ပိုပြီးတော့ ဖွံ့ဖြိုးတိုးတက် အောင်ဆောင်ရွက်နိုင်ဖို့အတွက် အဖွဲ့အစည်း တွေဖြစ်တဲ့ IAEA လို အဖွဲ့အစည်းတွေ ROSATOM လို အဖွဲ့အစည်းတွေနဲ့ပူးပေါင်း ဆောင်ရွက်သွားမယ်ဆိုတဲ့အကြောင်းတွေကိုလည်းဆွေးနွေးခဲ့တာတွေ့ရှိခဲ့ရပါတယ်။ ကျွန်တော် တို့ကျန်းမာရေးဝန်ကြီးဌာနအနေ နဲ့လည်း ဒီပွဲမှာဆိုရင် ကျွန်တော်တို့အပါ အဝင် ကျွန်တော်တို့ရဲ့ Nuclear Medicine Department ကတာဝန်ရှိသူများလည်း ပါဝင်လာပါတယ်။ ကျွန်တော်တို့နိုင်ငံမှာလည်းပဲ ဒီ Nuclear Technology အသုံးပြု ပြီးတော့ ဆေးကုသမှုတွေ၊ ရောဂါရှာဖွေမှု တွေ၊ အထူးသဖြင့် ကင်ဆာရောဂါနဲ့ပတ်သက် တဲ့ကုသမှုတွေဆောင်ရွက်နေတာဖြစ်ပါ တယ်။ ဒီမှာ တက်ရောက်လာခြင်းအားဖြင့် ROSATOM မှာတာဝန်ရှိသူများနဲ့ ကျွန်တော် တို့ရဲ့တာဝန်ရှိသူများတွေ့ဆုံဆွေးနွေးပြီး တဲ့အခါမှာ ကျွန်တော်တို့နိုင်ငံမှာ ဆေးကုသ မှုနဲ့ပတ်သက်ပြီး Nuclear Technology အသုံးပြုပြီးတော့ ဆောင်ရွက်မယ့်ဟာတွေ၊ ယခုလက်ရှိအခြေအနေထက်ပိုမိုကောင်း မွန်အောင် ဆောင်ရွက်နိုင်ဖို့ ဒါတွေကိုလည်း ဆွေးနွေးနိုင်မယ့်အခွင့်အလမ်းရရှိခဲ့ပါတယ်။ မြန်မာနိုင်ငံမှာလည်းပဲ Nuclear Technology ဆေးကုသမှုလုပ်တဲ့အခါ မှာ Isotope တွေ ကျွန်တော်တို့နိုင်ငံမှာ လည်း ထုတ်နေတာရှိသလို ပြည်ပနိုင်ငံက တင်သွင်းရတာတွေလည်းရှိပါတယ်။ ဒါတွေနဲ့ပတ်သက်ပြီးတော့လည်း ပိုမိုကောင်းမွန်တဲ့၊ အရည်အသွေးမြင့်မားတဲ့ Isotope တွေပြည်တွင်းမှာထုတ်လုပ်နိုင်ဖို့၊  ပြည်ပမှ တင်သွင်းနိုင်ဖို့တွေကို  ကျွန်တော်တို့ ဆက်လက်ဆောင်ရွက်သွားမှာဖြစ်ပါတယ်။ နိဂုံးချုပ်အနေနဲ့ကတော့ (World Atomic Week Forum-2025)ကို လာရောက် တက်ရောက်ခြင်းဟာဆိုရင် ကျွန်တော်တို့ မြန်မာနိုင်ငံရဲ့ Nuclear Technology နဲ့  လူမှုပတ်ဝန်းကျင်ဖွံ့ဖြိုးတိုးတက်အောင် ဆောင်ရွက်မယ့်လုပ်ငန်းတွေမှာ နိုင်ငံတော်ယာယီသမ္မတကြီးကိုယ်တိုင် တက်ရောက် လာတဲ့အတွက်ကြောင့်  ကျွန်တော်တို့နိုင်ငံအတွက်မှတ်တိုင်တစ်ခု၊ Nuclear  Technology အသုံးပြုတဲ့    မှတ်တိုင်တစ်ခုအဖြစ်နဲ့ကျန်ခဲ့မယ်လို့ ကျွန်တော့်အနေနဲ့ ယုံကြည်ပါတယ်။ ကျေးဇူးတင်ပါတယ်။      ညနေပိုင်းတွင် ပြည်ထောင်စုဝန်ကြီး များနှင့်အဖွဲ့သည် ရုရှား-အာဆီယံ ဆွေးနွေး ပွဲကို ပါဝင်တက်ရောက်ခဲ့သည်။ထို့နောက် ROSATOM  ညွှန်ကြားရေးမှူးချုပ်က တည်ခင်းဧည့်ခံသည့်  ညစာစားပွဲကို ပါဝင် တက်ရောက်ခဲ့ကြောင်း သိရသည်။,https://www.myawady.net.mm/node/75755
Education & Technology,www.myawady.net.mm,လွိုင်ကော်  အောက်တိုဘာ  ၁၂      ကယားပြည်နယ် လွိုင်ကော်တက္ကသိုလ်အား အောက်တိုဘာလ ၁၃ ရက်တွင် စတင်ဖွင့်လှစ်မည်ဖြစ်ရာ တာဝန်ထမ်းဆောင်ကြမည့် သင်ကြားရေးဆရာ၊ ဆရာမများနှင့် ဝန်ထမ်းများကို   တွေ့ဆုံအားပေးစကားပြောကြားခြင်း၊ ငွေပဒေသာပင်၊ ချီးမြှင့်ငွေနှင့်အခြေခံစားကုန်များ ပေးအပ်ခြင်းအခမ်းအနားကို ယနေ့နံနက်ပိုင်းတွင်  လွိုင်ကော်တက္ကသိုလ် စုဝေးခန်းမ၌ ကျင်းပသည်။ အခမ်းအနားသို့ ပြည်နယ်ဝန်ကြီးချုပ် ဦးဇော်မျိုးတင်၊   ပြည်နယ်ဝန်ကြီးများ၊ လွိုင်ကော်တက္ကသိုလ် ဒုတိယပါမောက္ခချုပ်၊ တက္ကသိုလ်/ကောလိပ်/သိပ္ပံကျောင်းများမှ ကျောင်းအုပ်ကြီးများနှင့် ပြည်နယ်အဆင့်တာဝန်ရှိသူများ၊ လွိုင်ကော်တက္ကသိုလ်တွင် တာဝန်ထမ်းဆောင်ကြမည့် ပါမောက္ခများ၊ ကထိကများ၊ နည်းပြများနှင့် ဝန်ထမ်းများ၊ အထောက်အကူပြုအဖွဲ့များ တက်ရောက်ကြသည်။   ဦးစွာ ပြည်နယ်ဝန်ကြီးချုပ်က နိုင်ငံတော်အကြီးအကဲ၏ လမ်းညွှန်မှု၊ ပြည်နယ်အစိုးရ အဖွဲ့၏ကြီးကြပ်မှုဖြင့် ဒေသခံကျောင်းသား၊ကျောင်းသူများကို စိတ်အေးချမ်းသာစွာ မိမိဒေသတွင် တက္ကသိုလ်ပညာပြန်လည်သင်ကြားနိုင်ရေး၊   ပညာရေးနောက်ကျ ကျန်ရစ်မှုမရှိစေရေး လွိုင်ကော်တက္ကသိုလ်အား ပြန်လည်ဖွင့်လှစ်နိုင်ရန် ဇွန်လ ၅ ရက်မှစ၍ စီစဉ်ဆောင်ရွက်ခဲ့ကြောင်း၊ ယခုအခါ လွိုင်ကော်တက္ကသိုလ်တွင် သင်ကြားနိုင်ရန် အသင့်အနေအထားရှိပြီဖြစ်ကြောင်း၊ ဆရာ၊ ဆရာမများအနေဖြင့် တာဝန်ထမ်းဆောင်ရာတွင် မိမိတာဝန်များကိုကျေပွန်အောင် ထမ်းဆောင်ကြရန်နှင့် လိုအပ်ချက်များ၊ အခက်အခဲများရှိပါက  တင်ပြပေးကြရန် ဖြစ်ကြောင်း ပြောကြားသည်။ ထို့နောက် တက္ကသိုလ်ဒုတိယပါမောက္ခချုပ် ဒေါက်တာမင်းသောင်က တက္ကသိုလ် ဖွင့်လှစ်မည့်အခြေအနေများ၊ ဝန်ထမ်းများပြန်လည်ရောက်ရှိ   တာဝန်ထမ်းဆောင်မှု၊ စာသင်ဆောင်များ၊ စာကြည့်တိုက်၊ တက္ကသိုလ်ဆရာ၊  ဆရာမများနှင့်  ကျောင်းသား၊   ကျောင်းသူများ၏ အိပ်ဆောင်များ၊ ကျောင်းသုံးပရိဘောဂနှင့် အသုံးအဆောင်များ ဖြည့်တင်းထားရှိမှု၊ တက္ကသိုလ်ဓမ္မာရုံနှင့်   အားကစားကွင်း ပြင်ဆင်ဆောင်ရွက် ပြီးစီးမှုများကို ရှင်းလင်းတင်ပြသည်။ ယင်းနောက် ပြည်နယ်ဝန်ကြီးချုပ်က တက္ကသိုလ်အတွက်   ငွေပဒေသာပင်နှင့် တာဝန်ထမ်းဆောင်ကြမည့် ဝန်ထမ်းများအတွက် ချီးမြှင့်ငွေများကိုပေးအပ်ရာ ဒုတိယပါမောက္ခချုပ်က လည်းကောင်း၊ ပြည်နယ်လုံခြုံရေးနှင့် နယ်စပ်ရေးရာဝန်ကြီး၊ သယံဇာတရေးရာဝန်ကြီးတို့က ဆန်၊ ဆီ၊ ကြက်ဥ၊ ခေါက်ဆွဲခြောက်စသည့် အခြေခံစားသောက်ကုန်များကို ပေးအပ်ရာ ဝန်ထမ်းကိုယ်စားလှယ်များက လည်းကောင်း လက်ခံရယူကာ  ဝန်ထမ်းများ၏ တင်ပြချက်များအပေါ်  ပြည်နယ်ဝန်ကြီးချုပ်က ဆောင်ရွက်ပေးသွားမည့် အခြေအနေများကို ပြန်လည်ဆွေးနွေးပြောကြားသည်။ ထို့နောက် ပြည်နယ်ဝန်ကြီးချုပ်နှင့် တာဝန်ရှိသူများသည် လွိုင်ကော်တက္ကသိုလ် ပင်မဆောင်ဆောင်ရွက်ပြီးစီးမှု၊ တက္ကသိုလ်စာကြည့်တိုက်တွင် ကျောင်းသား၊ ကျောင်းသူများ စာပေလေ့လာဖတ်ရှုနိုင်ရန် ရည်ညွှန်းစာဖတ်ခန်း၊ စာဖတ်ခန်းနှင့် စာအုပ်ခင်းကျင်းထားသိုမှု၊ တာဝန်ထမ်းဆောင်ကြမည့် ပါမောက္ခ၊ ကထိက၊ နည်းပြများ၏ အိပ်ဆောင်များ၌ နေရာချထားမှုများ၊ တက်ရောက် ပညာသင်ကြားမည့် ကျောင်းသား၊ ကျောင်းသူများ စိတ်အေးချမ်းသာစွာ ပညာသင်ကြားနိုင်ရေးအတွက် ကျောင်းသား၊ ကျောင်းသူများ၏ အိပ်ဆောင်များ၊ ရေချိုးခန်း၊ သန့်စင်ခန်းနှင့်   စားရိပ်သာများပြင်ဆင် ဆောင်ရွက်ထားရှိမှု၊ စာသင်ခန်းများ၊ Theatre များ၊ ပရိဘောဂများ၊ သန့်စင်ခန်းများပြင်ဆင်ထားရှိမှု အခြေအနေတို့ကို လိုက်လံကြည့်ရှုစစ်ဆေးသည်။ ၂၀၂၅ ပညာသင်နှစ် လွိုင်ကော်တက္ကသိုလ်(အဝေးသင်သင်တန်း) ဒုတိယသုတ်နှင့် တတိယသုတ်    အနီးကပ်သင်တန်းနှင့် စာမေးပွဲကို လွိုင်ကော်တက္ကသိုလ်တွင် တက်ရောက် ဖြေဆိုရမည်ဖြစ်ပြီး ဒုတိယသုတ်ကို  အောက်တိုဘာလ ၁၃ ရက်မှ ၂၂ ရက်အထိ လည်းကောင်း၊ တတိယသုတ်ကို  နိုဝင်ဘာလ ၁ ရက်မှ    ၁၁ ရက်အထိ လည်းကောင်း  အနီးကပ်သင်တန်း ပို့ချဖွင့်လှစ် သွားမည်ဖြစ်ကြောင်း သိရသည်။,https://www.myawady.net.mm/node/76506
Education & Technology,www.myawady.net.mm,,https://www.myawady.net.mm/mwdnews
Education & Technology,www.myawady.net.mm,,https://www.myawady.net.mm/internews
Education & Technology,www.myawady.net.mm,,https://www.myawady.net.mm/localnews
category,source,text,url
Education & Technology,www.myawady.net.mm,,https://www.myawady.net.mm/node/76155
Education & Technology,www.myawady.net.mm,နေပြည်တော်   အောက်တိုဘာ   ၅      ၂၀၂၅ ခုနှစ်     ကမ္ဘာ့ဆရာများနေ့ အထိမ်းအမှတ် အခမ်းအနားကို  ယနေ့ နံနက်ပိုင်းတွင်   ပြည်ထောင်စုနယ်မြေ နေပြည်တော်  ဇမ္ဗူသီရိမြို့နယ် အမှတ်(၆) အခြေခံပညာအထက်တန်းကျောင်း သီရိမင်္ဂလာခန်းမ၌ ကျင်းပရာ နေပြည်တော် ကောင်စီဥက္ကဋ္ဌ ဦးသန်းထွန်းဦး၊ နေပြည်တော်ကောင်စီဝင်များ၊ တာဝန်ရှိသူများ၊ ကျောင်းအုပ်ဆရာကြီး၊ ဆရာမကြီးများနှင့် ဆရာ၊ ဆရာမများ တက်ရောက်ကြသည်။ ဦးစွာ  ဇမ္ဗူသီရိမြို့နယ်  အမှတ်(၆)အခြေခံပညာအထက်တန်းကျောင်းမှ ကျောင်းသား၊     ကျောင်းသူများက “မြတ်ဆရာ”သီချင်းဖြင့် ဂုဏ်ပြုသီဆို၍ အခမ်းအနားကို ဖွင့်လှစ်ကြသည်။ ထို့နောက်  ပြည်ထောင်စုသမ္မတမြန်မာနိုင်ငံတော် ယာယီသမ္မတ နိုင်ငံတော်လုံခြုံရေးနှင့် အေးချမ်းသာယာရေးကော်မရှင် ဥက္ကဋ္ဌ ဗိုလ်ချုပ်မှူးကြီး သတိုးမဟာသရေ စည်သူ သတိုးသီရိသုဓမ္မမင်းအောင်လှိုင်ထံမှ ကမ္ဘာ့ဆရာများနေ့အထိမ်းအမှတ် အခမ်းအနားသို့ ပေးပို့သည့်သဝဏ်လွှာကို နေပြည်တော်ကောင်စီဥက္ကဋ္ဌက ဖတ်ကြားသည်။ ယင်းနောက်   နေပြည်တော်ပညာရေးမှူးရုံး   ညွှန်ကြားရေးမှူးက   ကုလသမဂ္ဂလက်အောက်ခံအဖွဲ့ (၅) ဖွဲ့၏   အဖွဲ့ခေါင်းဆောင်များမှ ပေးပို့သော စုပေါင်းသဝဏ်လွှာကို ဖတ်ကြားသည်။ ဆက်လက်၍ နေပြည်တော်ကောင်စီဥက္ကဋ္ဌနှင့် နေပြည်တော်ကောင်စီဝင်များက ၂ဝ၂၅ ခုနှစ် ကမ္ဘာ့ဆရာများနေ့ အထိမ်းအမှတ် အခြေခံပညာ အထက်တန်းအဆင့်၊  အလယ်တန်းအဆင့် စာစီစာကုံးနှင့် ကဗျာပြိုင်ပွဲများတွင်  ဆုရရှိသည့်  ကျောင်းသား၊ ကျောင်းသူများအား  ဆုများချီးမြှင့်ကြသည်။ ထို့နောက်   ‌နေပြည်တော်ကောင်စီဥက္ကဋ္ဌက ဒက္ခိဏသီရိမြို့နယ် ရာဇသင်္ဂဟ လမ်းမကြီး လမ်းဘေးဝဲ/ယာတွင် သန့်ရှင်းသာယာ လှပစေရေးအတွက် သန့်ရှင်းရေး လုပ်ငန်းဆောင်ရွက်နေမှုကို   ကြည့်ရှုစစ်ဆေးပြီး တာဝန်ရှိသူများအား လိုအပ်သည်များ မှာကြားခဲ့‌ကြောင်း သိရသည်။,https://www.myawady.net.mm/node/76161
Education & Technology,www.myawady.net.mm,ပဲခူး   အောက်တိုဘာ   ၅      ပဲခူးမြို့ မြို့တော်ခန်းမ၌ ယနေ့ နံနက်ပိုင်းတွင် ၂၀၂၅ ခုနှစ် ကမ္ဘာ့ဆရာများနေ့ အခမ်းအနားကျင်းပရာ  တိုင်းဒေသကြီး ဝန်ကြီးချုပ် ဦးမျိုးဆွေဝင်း တက်ရောက်ချီးမြှင့်သည်။ ရှေးဦးစွာ အမှတ်(၄)အခြေခံပညာ အထက်တန်းကျောင်းမှ ကျောင်းသား၊ကျောင်းသူများက “မြတ်ဆရာသခင် ကန်တော့ပန်းဆင်”သီချင်းဖြင့်သီဆိုဖျော်ဖြေတင်ဆက်သည်။ ထို့နောက် တိုင်းဒေသကြီးဝန်ကြီးချုပ် ဦးမျိုးဆွေဝင်းက  ပြည်ထောင်စုသမ္မတမြန်မာနိုင်ငံတော်  ယာယီသမ္မတ နိုင်ငံတော်လုံခြုံရေးနှင့် အေးချမ်းသာယာရေး ကော်မရှင်ဥက္ကဋ္ဌ ဗိုလ်ချုပ်မှူးကြီးသတိုးမဟာသရေစည်သူ   သတိုးသီရိသုဓမ္မမင်းအောင်လှိုင်ထံမှ  ကမ္ဘာ့ဆရာများနေ့  အထိမ်းအမှတ်အခမ်းအနားသို့ပေးပို့သည့်  သဝဏ်လွှာအား  ဖတ်ကြားသည်။ ထို့နောက် တိုင်းဒေသကြီးဝန်ကြီးချုပ် ဦးမျိုးဆွေဝင်းနှင့်တာဝန်ရှိသူများက  ကမ္ဘာ့ဆရာများနေ့ အထိမ်းအမှတ် စာစီစာကုံးပြိုင်ပွဲနှင့် ကဗျာပြိုင်ပွဲတွင်    ဆုရရှိသူများအား ဂုဏ်ပြုမှတ်တမ်းနှင့် ဂုဏ်ပြုဆုငွေများ ပေးအပ်ချီးမြှင့်သည်။ ဆက်လက်၍ အမှတ်(၈)အခြေခံပညာ အထက်တန်းကျောင်းမှ   ကျောင်းသား၊ကျောင်းသူများက “ပန်းကလေးများရဲ့ဥယျာဉ်မှူး” သီချင်းဖြင့်လည်းကောင်း၊  အမှတ်(၂)   အခြေခံပညာအထက်တန်းကျောင်းမှ ကျောင်းသား၊ ကျောင်းသူများက “လမ်းပြကြယ်” သီချင်းဖြင့်လည်းကောင်း သီဆိုဖျော်ဖြေကြရာ   တိုင်းဒေသကြီး ဝန်ကြီးချုပ်က  ဖျော်ဖြေရေးကျောင်းသား၊ ကျောင်းသူများအား ဂုဏ်ပြုငွေပေးအပ်ပြီး အခမ်းအနား တက်ရောက်လာသူများအား ရင်းရင်းနှီးနှီးလိုက်လံ နှုတ်ဆက်အားပေးစကား ပြောကြားခဲ့ကြောင်း သိရသည်။,https://www.myawady.net.mm/node/76163
Education & Technology,www.mdn.gov.mm,13 October 2025 13 October 2025 13 October 2025 13 October 2025 Copyright © 2017 Myanmar Digital News. All rights reserved.,https://www.mdn.gov.mm/newspaper/public/
Education & Technology,www.myawady.net.mm,မအူပင်  အောက်တိုဘာ  ၅      ဧရာဝတီတိုင်းဒေသကြီး  မအူပင်တက္ကသိုလ်၌ ကမ္ဘာ့ဆရာများနေ့ အထိမ်းအမှတ် အာစရိယပူဇော်ပွဲအခမ်းအနားကို အောက်တိုဘာလ ၄ ရက် နံနက်ပိုင်းတွင် အဆိုပါတက္ကသိုလ်ရှိ ဘွဲ့နှင်းသဘင်ခန်းမ၌ ကျင်းပသည်။ ရှေးဦးစွာ   မအူပင်တက္ကသိုလ်ဆရာ၊ ဆရာမများက ဧရာဝတီ၏အလှပန်းတို့ တက္ကသိုလ်ရိပ်နန်းသီချင်းဖြင့်   သီဆိုဖျော်ဖြေပြီး မြတ်ဆရာသီချင်းဖြင့် ဆီမီးများ ထွန်းညှိပူဇော်သည်။ ဆက်လက်၍  အငြိမ်းစားဆရာကြီး၊ ဆရာမကြီးများအား ကန်တော့ချိုးဖြင့် ရှိခိုးကန်တော့ပြီး ပါမောက္ခချုပ်ဆရာမကြီးနှင့် ပါမောက္ခဆရာကြီး၊ ဆရာမကြီးများက အပူဇော်ခံဆရာကြီး၊   ဆရာမကြီးများအား လက်ဆောင်ပစ္စည်းများ ပေးအပ်ကြသည်။ ထို့နောက်  မအူပင်တက္ကသိုလ်ပါမောက္ခချုပ်ဆရာမကြီး   ဒေါက်တာနီနီဦးက ဆရာကြီး၊ ဆရာမကြီးများအား ဂါရဝပြုနှုတ်ဆက်စကား ပြောကြားကြောင်း သိရသည်။,https://www.myawady.net.mm/node/76164
Education & Technology,www.myawady.net.mm,နေပြည်တော် အောက်တိုဘာ ၅      ၂၀၂၅ ခုနှစ် ကမ္ဘာ့ဆရာများနေ့အထိမ်း အမှတ်အခမ်းအနားကို ယနေ့နံနက် ၉ နာရီတွင် မန္တလေးမြို့ မန္တ‌လေးတက္ကသိုလ် ဘွဲ့နှင်းသဘင်ခန်းမ၌ ကျင်းပသည်။ အခမ်းအနားသို့ ပညာရေးဝန်ကြီးဌာန ပြည်ထောင်စု၀န်ကြီး ဒေါက်တာချောချောစိန်၊ မန္တလေးတိုင်းဒေသကြီး၀န်ကြီးချုပ်၊ ဒုတိယ၀န်ကြီးများ၊ တိုင်းဒေသကြီး၀န်ကြီးများ၊ တာ၀န်ရှိသူများ၊  ဂုဏ်ထူးဆောင်ပုဂ္ဂိုလ်ကြီးများနှင့် ထူးချွန်ဆရာ၊ ဆရာမများ၊ ပြိုင်ပွဲများတွင် ဆုများရရှိခဲ့ကြသည့် ဆရာ၊ဆရာမများနှင့် ကျောင်းသား၊ ကျောင်းသူများ တက်ရောက်ကြသည်။ ဦးစွာ မန္တလေးမြို့ အမှတ်(၁၄) အခြေခံပညာအထက်တန်းကျောင်းမှ ကျောင်းသား၊ ကျောင်းသူများက “မြတ်ဆရာ” သီချင်းဖြင့် ဖျော်ဖြေကြသည်။ ထို့နောက် ပြည်ထောင်စုသမ္မတ မြန်မာနိုင်ငံတော် ယာယီသမ္မတ နိုင်ငံတော်လုံခြုံရေးနှင့် အေးချမ်းသာယာရေး ကော်မရှင် ဥက္ကဋ္ဌ ဗိုလ်ချုပ်မှူးကြီး သတိုးမဟာသရေစည်သူ သတိုးသီရိသုဓမ္မမင်းအောင်လှိုင်ထံမှ ကမ္ဘာ့ဆရာများနေ့ အခမ်းအနားသို့ပေးပို့သည့် သဝဏ်လွှာကို ပြည်ထောင်စုဝန်ကြီးက ဖတ်ကြားသည်။ ယင်းနောက် ကုလသမဂ္ဂလက်အောက်ခံအဖွဲ့ငါးဖွဲ့၏ အဖွဲ့ခေါင်းဆောင်များက ပေးပို့သော စုပေါင်းသဝဏ်လွှာကို ရန်ကုန်နိုင်ငံခြားဘာသာတက္ကသိုလ် ပါမောက္ခချုပ်ဒေါက်တာ‌ မေစန်းရီက ဖတ်ကြားသည်။ ဆက်လက်၍ ပြည်ထောင်စုဝန်ကြီး၊ မန္တလေးတိုင်းဒေသကြီး၀န်ကြီးချုပ်၊ ဒုတိယ ၀န်ကြီးများနှင့် တာ၀န်ရှိသူများက  ၂၀၂၅ ခုနှစ် ကမ္ဘာ့ဆရာများနေ့ ဂုဏ်ထူးဆောင် ပုဂ္ဂိုလ်ကြီးများ၊ ထူးချွန်ဆရာ၊ ဆရာမများ၊ ၂၀၂၅ ခုနှစ် ကမ္ဘာ့ဆရာများနေ့ ဆောင်းပါးပြိုင်ပွဲ၊ စာစီစာကုံးပြိုင်ပွဲ၊ ကဗျာပြိုင်ပွဲများတွင် ဆုရရှိခဲ့ကြသူများကို ဂုဏ်ပြုမှတ်တမ်းလွှာနှင့် ဂုဏ်ပြုဆုငွေများ ပေးအပ်ချီးမြှင့်ကြသည်။ ထို့နောက်   မန္တလေးပညာရေးဒီဂရီကောလိပ်မှ ကျောင်းသူများက “ဥယျာဉ်နန်းက ပွင့်သစ်ပန်း” သီချင်းဖြင့်   ဖျော်ဖြေတင်ဆက် ခဲ့ကြ‌ကြောင်း သိရသည်။,https://www.myawady.net.mm/node/76165
Education & Technology,www.myawady.net.mm,ပညာရေးဝန်ကြီးဌာန၊ အဆင့်မြင့်ပညာဦးစီးဌာန၊ တောင်ကြီးတက္ကသိုလ်၏ ၂၀၂၅ ပညာသင်နှစ် အဝေးသင် သင်တန်းတွင် ကျောင်းအပ်နှံထားသော လွိုင်ကော်တက္ကသိုလ်အဝေးသင် သင်တန်းမှ ကျောင်းသား၊ ကျောင်းသူများသည် ၂၀၂၅ ပညာသင်နှစ်၊ အဝေးသင် ဒုတိယအသုတ်နှင့် တတိယအသုတ် အနီးကပ်သင်တန်းနှင့် စာမေးပွဲများကို လွိုင်ကော်တက္ကသိုလ်တွင် တက်ရောက်ဖြေဆိုရမည်ဖြစ်ကြောင်း ကြေညာလိုက်သည်။,https://www.myawady.net.mm/node/76223
Education & Technology,www.myawady.net.mm,နေပြည်တော် အောက်တိုဘာ ၉      အမျိုးသားပညာရေး   မဟာဗျူဟာ စီမံကိန်း (၂၀၁၆-၂၀၂၁)နှင့် (၂၀၂၁-၂၀၃၀)အရ “ကျောင်းများနှင့် ပညာသင်ယူရာဌာန အားလုံးတွင် ကျောင်းသားများ၏ သင်ယူတတ်မြောက်မှုများ   သိသာထင်ရှားစွာ တိုးတက်လာရေးကို ဦးတည်သည့် ပိုမိုတိုးတက် ကောင်းမွန်သော သင်ကြားသင်ယူမှု၊ သက်မွေးပညာရေးနှင့် လေ့ကျင့်ရေး၊ သုတေသနနှင့်  ဆန်းသစ်တီထွင်မှုများ ဖြစ်ထွန်းလာစေရေး”ဆိုသည့် ရည်မှန်းချက်ပန်းတိုင်ကို ချမှတ်ကာ သာတူညီမျှမှုရှိပြီး အရည်အသွေးပြည့်ဝသည့် ပညာရေးစနစ်ဖြစ်စေရန်   ဦးတည်ဆောင်ရွက်လျက်ရှိကြောင်း၊ ပြည်ထောင်စု၀န်ကြီး ဒေါက်တာချောချောစိန်က  ပညာရေး၀န်ကြီးဌာန ရုံးအမှတ် (၁၃) အစည်းအဝေးခန်းမ၌ ယနေ့မွန်းလွဲ ၁ နာရီတွင် ကျင်းပသည့် ၂၀၂၅-၂၀၂၆ ပညာသင်နှစ်   အခြေခံပညာဆရာများအတွက် သာတူညီမျှမှုကို အခြေခံသော ဆရာအတတ်ပညာ စဉ်ဆက်မပြတ်ဖွံ့ဖြိုး တိုးတက်ရေး အညွှန်းဘောင်ဆိုင်ရာ အရည်အသွေးမြှင့် (ဗဟိုအဆင့်) နည်းပြသင်တန်းဖွင့်ပွဲအခမ်းအနားတွင် ဆရာ၊  ဆရာမများအား မှာကြားသည်။ ဆက်လက်၍ ပြည်ထောင်စု၀န်ကြီးက  အခြေခံပညာကဏ္ဍ  ဖွံ့ဖြိုးတိုးတက်ရေးအတွက် ဆောင်ရွက်ရာတွင် ကျောင်းနေအရွယ် ကလေးအားလုံး အရည်အသွေးပြည့်ဝသော အခြေခံပညာသင်ယူမှု အခွင့်အလမ်းများကို  သာတူညီမျှရရှိရေးနှင့် ဆရာများ၏ အရည်အသွေးမြင့်မားရေးတို့သည် အရေးကြီးသော အခန်းကဏ္ဍတွင် ပါဝင်နေသည့်အတွက် သင်ကြားသင်ယူမှု နှင့်စပ်လျဉ်းသည့်   ဆရာအတတ်ပညာ စဉ်ဆက်မပြတ်   ဖွံ့ဖြိုးတိုးတက်ရေးကို အလေးထားဆောင်ရွက်လျက် ရှိကြောင်းပြောကြားခဲ့သည်။ အဆိုပါ နည်းပြသင်တန်း ပထမအသုတ်ကို နေပြည်တော် အမှတ်(၁၄)အခြေခံပညာအထက်‌တန်းကျောင်းတွင် အောက်တိုဘာလ ၈ ရက်မှ ၉ ရက်အထိ ပို့ချလျက်ရှိရာ အခြေခံပညာဦးစီးဌာနမှ အရာထမ်းများက နည်းပြများအဖြစ် ဦးဆောင်ဆွေးနွေး ပို့ချလျက်ရှိပြီး တိုင်းဒေသကြီးနှင့် ပြည်နယ်များမှ အလယ်တန်းနှင့် အထက်တန်းကျောင်းအုပ် ဆရာ၊ ဆရာမ သင်တန်းသား၊ သင်တန်းသူ၁၂၂ ဦး တက်ရောက်လျက်ရှိသည်။ သင်တန်းဒုတိယအသုတ်ကို အောက်တိုဘာလ ၁၀ ရက်နှင့် ၁၁ ရက်တို့တွင် ဆက်လက် ပို့ချသွားမည်ဖြစ်ရာ မူလတန်း‌ကျောင်းအုပ် ဆရာ၊ ဆရာမ ၁၂၂ ဦး တက်ရောက်ကြမည်ဖြစ်သည်။ အဆိုပါ အခမ်းအနားသို့ ဒုတိယ၀န်ကြီး ဦးနေမျိုးလှိုင်၊ ညွှန်ကြားရေးမှူးချုပ်များ၊ ဒုတိယညွှန်ကြားရေးမှူးချုပ်များ၊ တာ၀န်ရှိသူများနှင့် သင်တန်းသား၊  သင်တန်းသူ ဆရာ၊ ဆရာမများ တက်ရောက်ကြသည်။ ဆက်လက်၍ ပြည်ထောင်စုဝန်ကြီးနှင့် ဒုတိယဝန်ကြီးတို့သည် နိုင်ငံတော် အစီအစဉ်ဖြင့် ပြည်တွင်း၊ ပြည်ပလေ့လာ‌ရေးခရီးသွားရောက်မည့် ၂၀၂၅ ခုနှစ် တက္ကသိုလ်ဝင်စာမေးပွဲအောင် ထူးချွန်ကျောင်းသား၊ကျောင်းသူများနှင့်တွေ့ဆုံ၍ ပြည်ပခရီးသွားရောက်ရာတွင် ကြိုတင်ပြင်ဆင်လေ့လာထားရမည့်  ကိစ္စရပ်များနှင့် စပ်လျဉ်း၍ မှာကြားပြီး လိုအပ်ချက်များ ဖြည့်ဆည်း ဆောင်ရွက်ပေးခဲ့ကြောင်း သိရသည်။,https://www.myawady.net.mm/node/76363
Education & Technology,www.myawady.net.mm,ရွှေတောင် အောက်တိုဘာ ၁၁       ပဲခူးတိုင်းဒေသကြီး ရွှေတောင်မြို့နယ် အခြေခံပညာ အထက်တန်းကျောင်း၌ကျောင်းသား၊ ကျောင်းသူများ စာပေစွမ်းရည် မြင့်မားစေရန်၊  ဉာဏ်ရည်ဉာဏ်သွေး ထက်မြက်ဖွံ့ဖြိုးစေရန်နှင့် ဖြတ်ထိုးဉာဏ်ရှိစေရန်အတွက် အင်္ဂလိပ်စာနှင့် သင်္ချာဘာသာရပ စွမ်းရည်ပြိုင်ပွဲကို  အောက်တိုဘာလ ၁၁ ရက်တွင် ကျင်းပသည်။ အဆိုပါပြိုင်ပွဲတွင် ရွှေတောင်မြို့နယ်အတွင်းရှိ  အခြေခံပညာမူလတန်းနှင့် အလယ်တန်းကျောင်းများမှ Grade-5၊ Grade-6၊ Grade-7၊ Grade-8 နှင့် Grade-9  တို့မှကျောင်းသား၊ ကျောင်းသူများက အတန်းလိုက် အင်္ဂလိပ်စာစွမ်းရည်ပြိုင်ပွဲနှင့် သင်္ချာစွမ်းရည်ပြိုင်ပွဲတို့ကိုဝင်ရောက် ယှဉ်ပြိုင်လျက်ရှိသည်။  ရွှေတောင်မြို့နယ်အတွင်းရှိ အခြေခံပညာမူလတန်းကျောင်းများနှင့် အလယ်တန်းကျောင်းများမှ မူလတန်းဆင့် အင်္ဂလိပ်စာစွမ်းရည်ပြိုင်ပွဲတွင် ၃၄ ဦး၊ သင်္ချာစွမ်းရည်ပြိုင်ပွဲတွင်  ၅၉  ဦး စုစုပေါင်း ၉၃  ဦး၊အလယ်တန်းဆင့် အင်္ဂလိပ်စာစွမ်းရည်ပြိုင်ပွဲတွင် ၆၉ ဦး၊ သင်္ချာစွမ်းရည်ပြိုင်ပွဲတွင် ၁၂၀ ဦး စုစုပေါင်း ၁၈၉  ဦးတို့ပါဝင်ယှဉ်ပြိုင်ကြကြောင်း မြို့နယ်ပညာရေးမှူးရုံးမှ သိရသည်။,https://www.myawady.net.mm/node/76470
Education & Technology,www.myawady.net.mm,ပညာရေးဝန်ကြီးဌာန၊ အဆင့်မြင့်ပညာဦးစီးဌာန၊ တောင်ကြီးတက္ကသိုလ်၏  ၂၀၂၅ ပညာသင်နှစ် အဝေးသင် သင်တန်းတွင် ကျောင်းအပ်နှံထားသော လွိုင်ကော်တက္ကသိုလ်အဝေးသင် သင်တန်းမှ  ကျောင်းသား၊ ကျောင်းသူများသည် ၂၀၂၅ ပညာသင်နှစ်၊ အဝေးသင် ဒုတိယအသုတ်နှင့် တတိယအသုတ် အနီးကပ်သင်တန်းနှင့် စာမေးပွဲများကို လွိုင်ကော်တက္ကသိုလ်တွင် တက်ရောက်ဖြေဆို ရမည်ဖြစ်ကြောင်း ကြေညာလိုက်သည်။ အဆင့်မြင့်ပညာဦးစီးဌာန၊ ပညာရေးဝန်ကြီးဌာန,https://www.myawady.net.mm/node/76493
Education & Technology,www.myawady.net.mm,လွိုင်ကော်  အောက်တိုဘာ  ၁၂      ကယားပြည်နယ် လွိုင်ကော်တက္ကသိုလ်အား အောက်တိုဘာလ ၁၃ ရက်တွင် စတင်ဖွင့်လှစ်မည်ဖြစ်ရာ တာဝန်ထမ်းဆောင်ကြမည့် သင်ကြားရေးဆရာ၊ ဆရာမများနှင့် ဝန်ထမ်းများကို   တွေ့ဆုံအားပေးစကားပြောကြားခြင်း၊ ငွေပဒေသာပင်၊ ချီးမြှင့်ငွေနှင့်အခြေခံစားကုန်များ ပေးအပ်ခြင်းအခမ်းအနားကို ယနေ့နံနက်ပိုင်းတွင်  လွိုင်ကော်တက္ကသိုလ် စုဝေးခန်းမ၌ ကျင်းပသည်။ အခမ်းအနားသို့ ပြည်နယ်ဝန်ကြီးချုပ် ဦးဇော်မျိုးတင်၊   ပြည်နယ်ဝန်ကြီးများ၊ လွိုင်ကော်တက္ကသိုလ် ဒုတိယပါမောက္ခချုပ်၊ တက္ကသိုလ်/ကောလိပ်/သိပ္ပံကျောင်းများမှ ကျောင်းအုပ်ကြီးများနှင့် ပြည်နယ်အဆင့်တာဝန်ရှိသူများ၊ လွိုင်ကော်တက္ကသိုလ်တွင် တာဝန်ထမ်းဆောင်ကြမည့် ပါမောက္ခများ၊ ကထိကများ၊ နည်းပြများနှင့် ဝန်ထမ်းများ၊ အထောက်အကူပြုအဖွဲ့များ တက်ရောက်ကြသည်။   ဦးစွာ ပြည်နယ်ဝန်ကြီးချုပ်က နိုင်ငံတော်အကြီးအကဲ၏ လမ်းညွှန်မှု၊ ပြည်နယ်အစိုးရ အဖွဲ့၏ကြီးကြပ်မှုဖြင့် ဒေသခံကျောင်းသား၊ကျောင်းသူများကို စိတ်အေးချမ်းသာစွာ မိမိဒေသတွင် တက္ကသိုလ်ပညာပြန်လည်သင်ကြားနိုင်ရေး၊   ပညာရေးနောက်ကျ ကျန်ရစ်မှုမရှိစေရေး လွိုင်ကော်တက္ကသိုလ်အား ပြန်လည်ဖွင့်လှစ်နိုင်ရန် ဇွန်လ ၅ ရက်မှစ၍ စီစဉ်ဆောင်ရွက်ခဲ့ကြောင်း၊ ယခုအခါ လွိုင်ကော်တက္ကသိုလ်တွင် သင်ကြားနိုင်ရန် အသင့်အနေအထားရှိပြီဖြစ်ကြောင်း၊ ဆရာ၊ ဆရာမများအနေဖြင့် တာဝန်ထမ်းဆောင်ရာတွင် မိမိတာဝန်များကိုကျေပွန်အောင် ထမ်းဆောင်ကြရန်နှင့် လိုအပ်ချက်များ၊ အခက်အခဲများရှိပါက  တင်ပြပေးကြရန် ဖြစ်ကြောင်း ပြောကြားသည်။ ထို့နောက် တက္ကသိုလ်ဒုတိယပါမောက္ခချုပ် ဒေါက်တာမင်းသောင်က တက္ကသိုလ် ဖွင့်လှစ်မည့်အခြေအနေများ၊ ဝန်ထမ်းများပြန်လည်ရောက်ရှိ   တာဝန်ထမ်းဆောင်မှု၊ စာသင်ဆောင်များ၊ စာကြည့်တိုက်၊ တက္ကသိုလ်ဆရာ၊  ဆရာမများနှင့်  ကျောင်းသား၊   ကျောင်းသူများ၏ အိပ်ဆောင်များ၊ ကျောင်းသုံးပရိဘောဂနှင့် အသုံးအဆောင်များ ဖြည့်တင်းထားရှိမှု၊ တက္ကသိုလ်ဓမ္မာရုံနှင့်   အားကစားကွင်း ပြင်ဆင်ဆောင်ရွက် ပြီးစီးမှုများကို ရှင်းလင်းတင်ပြသည်။ ယင်းနောက် ပြည်နယ်ဝန်ကြီးချုပ်က တက္ကသိုလ်အတွက်   ငွေပဒေသာပင်နှင့် တာဝန်ထမ်းဆောင်ကြမည့် ဝန်ထမ်းများအတွက် ချီးမြှင့်ငွေများကိုပေးအပ်ရာ ဒုတိယပါမောက္ခချုပ်က လည်းကောင်း၊ ပြည်နယ်လုံခြုံရေးနှင့် နယ်စပ်ရေးရာဝန်ကြီး၊ သယံဇာတရေးရာဝန်ကြီးတို့က ဆန်၊ ဆီ၊ ကြက်ဥ၊ ခေါက်ဆွဲခြောက်စသည့် အခြေခံစားသောက်ကုန်များကို ပေးအပ်ရာ ဝန်ထမ်းကိုယ်စားလှယ်များက လည်းကောင်း လက်ခံရယူကာ  ဝန်ထမ်းများ၏ တင်ပြချက်များအပေါ်  ပြည်နယ်ဝန်ကြီးချုပ်က ဆောင်ရွက်ပေးသွားမည့် အခြေအနေများကို ပြန်လည်ဆွေးနွေးပြောကြားသည်။ ထို့နောက် ပြည်နယ်ဝန်ကြီးချုပ်နှင့် တာဝန်ရှိသူများသည် လွိုင်ကော်တက္ကသိုလ် ပင်မဆောင်ဆောင်ရွက်ပြီးစီးမှု၊ တက္ကသိုလ်စာကြည့်တိုက်တွင် ကျောင်းသား၊ ကျောင်းသူများ စာပေလေ့လာဖတ်ရှုနိုင်ရန် ရည်ညွှန်းစာဖတ်ခန်း၊ စာဖတ်ခန်းနှင့် စာအုပ်ခင်းကျင်းထားသိုမှု၊ တာဝန်ထမ်းဆောင်ကြမည့် ပါမောက္ခ၊ ကထိက၊ နည်းပြများ၏ အိပ်ဆောင်များ၌ နေရာချထားမှုများ၊ တက်ရောက် ပညာသင်ကြားမည့် ကျောင်းသား၊ ကျောင်းသူများ စိတ်အေးချမ်းသာစွာ ပညာသင်ကြားနိုင်ရေးအတွက် ကျောင်းသား၊ ကျောင်းသူများ၏ အိပ်ဆောင်များ၊ ရေချိုးခန်း၊ သန့်စင်ခန်းနှင့်   စားရိပ်သာများပြင်ဆင် ဆောင်ရွက်ထားရှိမှု၊ စာသင်ခန်းများ၊ Theatre များ၊ ပရိဘောဂများ၊ သန့်စင်ခန်းများပြင်ဆင်ထားရှိမှု အခြေအနေတို့ကို လိုက်လံကြည့်ရှုစစ်ဆေးသည်။ ၂၀၂၅ ပညာသင်နှစ် လွိုင်ကော်တက္ကသိုလ်(အဝေးသင်သင်တန်း) ဒုတိယသုတ်နှင့် တတိယသုတ်    အနီးကပ်သင်တန်းနှင့် စာမေးပွဲကို လွိုင်ကော်တက္ကသိုလ်တွင် တက်ရောက် ဖြေဆိုရမည်ဖြစ်ပြီး ဒုတိယသုတ်ကို  အောက်တိုဘာလ ၁၃ ရက်မှ ၂၂ ရက်အထိ လည်းကောင်း၊ တတိယသုတ်ကို  နိုဝင်ဘာလ ၁ ရက်မှ    ၁၁ ရက်အထိ လည်းကောင်း  အနီးကပ်သင်တန်း ပို့ချဖွင့်လှစ် သွားမည်ဖြစ်ကြောင်း သိရသည်။,https://www.myawady.net.mm/node/76506
Education & Technology,www.myawady.net.mm,မကြာသေးမီကလုပ်ဆောင်တဲ့ သုတေသနတစ်ခုမှာ နေရောင်ခြည်စွမ်းအင်ရယူပြီး လျှပ်စစ်ဓာတ်အားကို ပြန်ထုတ်ပေးနေတဲ့ ဆိုလာပြားများကို သမားရိုးကျနည်း အတိုင်းထားခြင်းထက် ဒေါင်လိုက်ထားတဲ့နည်းလမ်းက ပိုမိုအကျိုးရှိစေမယ်လို့ ဆိုပါတယ်။ ဒီနည်းလမ်းအရ လျှပ်စစ်ဓာတ်အားထုတ်လုပ်မှုက ယခင်သမားရိုးကျနည်းလမ်းနဲ့  လျှပ်စစ်ဓာတ်အားထုတ်လုပ်မှုနဲ့ ညီမျှတယ်လို့ဆိုပါတယ်။ ဒါပေမဲ့ ထူးခြားချက်တစ်ခုက သစ်တောဆုံးရှုံးမှုကို ၉၉ ရာခိုင်နှုန်းအထိ ကာကွယ်ပေးနိုင်စွမ်းရှိတာဖြစ်ပါတယ်။ ဥပမာအားဖြင့် ဆိုလာသစ်ပင် ၆၃ ခုက လျှပ်စစ်ဓာတ်အားပမာဏ ၁ မဂ္ဂါဝပ်ကို ထုတ်လုပ်ပေးနိုင်ချိန်မှာ မြေပြင်ပေါ်မှာ သမားရိုးကျနည်းလမ်းအတိုင်း ထားမယ်ဆိုရင် သစ်တောနယ်မြေပမာဏ ၉၈ ရာခိုင်နှုန်း အထိကို ရှင်းလင်းပစ်လိုက်ရမှာပါ။ ဒါကြောင့် အခုတွေ့ရှိတဲ့နည်းလမ်း အသစ်က သစ်တောထူထပ်တဲ့နေရာမျိုးတွေမှာပါ ပြန်လည်ပြည့်ဖြိုးမြဲ စွမ်းအင်ကို ရယူသုံးစွဲနိုင်စေမှာ ဖြစ်ပါတယ်။,https://www.myawady.net.mm/node/75089
Education & Technology,www.myawady.net.mm,Apple ကုမ္ပဏီက iPhone အသစ်များကို စက်တင်ဘာလ ၉ ရက်မှာ ထုတ်ဖော်မိတ်ဆက်သွားပါတယ်။ အဲဒီလိုထုတ်ဖော်မိတ်ဆက်သွားတဲ့ထဲမှာ သူတို့ထုတ်လုပ်ခဲ့ဖူးသမျှသော iPhone တွေထဲ အပါးလွှာဆုံးဖြစ်တဲ့ iPhone Air လည်း အပါအဝင်ဖြစ်လာပါတယ်။ Apple က ထု ၅ ဒသမ ၄ မီလီမီတာသာရှိပြီး အလွန်ပါးလွှာလွန်းတဲ့ iPhoneကိုမိတ်ဆက်ခဲ့သလို သူ့ရဲ့စွမ်းဆောင်ရည်က အခြားသောသမားရိုးကျ iPhone  များနဲ့ အကြမ်းခံနိုင်မှု အပိုင်းမှာသာမက လုပ်ငန်းဆောင်ရွက်နိုင်မှုအပိုင်းနဲ့ ဘက်ထရီအားခံမှု အပိုင်းတို့မှာလည်း   တန်းတူယှဉ်ပြိုင်နိုင်တယ်လို့ ဆိုပါတယ်။ အခုလိုမျိုး ပါးလွှာပြီးခိုင်ခံ့တဲ့ ဒီဇိုင်းကိုရရှိစေနိုင်ဖို့ တိုက်တေနီယံကိုယ်ထည်နဲ့ ကြွေလွှာဖန်သားပြင်ကို အသုံးပြုပေးထားပါတယ်။ အခုအသုံးပြုပေးထားတဲ့ ကြွေလွှာဖန်သားပြင်က အရင်ဖန်သားပြင်တွေထက် အကြမ်းခံနိုင်မှုမှာ သုံးဆပိုမိုအားကောင်းတယ်လို့ ဆိုပါတယ်။ iPhone Air မှာအသုံးပြုပေးထားတဲ့Display က 6.5-inch ProMotion display ဖြစ်တဲ့အတွက် အလင်းအားက 3000 nits အထိရှိမယ်လို့ဆိုပါတယ်။ ဒါဟာ နေရောင်အောက်မှာတောင်မှ ဖုန်းကိုကောင်းစွာသုံးနိုင်တဲ့ အနေအထားဖြစ်ပြီး ဗီဒီယိုများကိုအချိန်အားဖြင့် နာရီ ၄၀ ကြာတဲ့အထိ ကြည့်နိုင်စေရမယ်လို့ Apple က ကတိပေးထားပါတယ်။,https://www.myawady.net.mm/node/75090
Sports,www.myawady.net.mm,,https://www.myawady.net.mm/node/76327
Sports,www.myawady.net.mm,နေပြည်တော်  အောက်တိုဘာ ၉       (၃၃)ကြိမ်မြောက် အရှေ့တောင်အာရှ အားကစားပြိုင်ပွဲအတွက်   အလေးမ အားကစားသမားများ အပြီးသတ်ရွေးချယ်ရေးပြိုင်ပွဲနှင့် (Youth Camp)မှ လူငယ်အလေးမ အားကစားသမားများ    စံချိန်ဆန်းစစ်ပြိုင်ပွဲကို   ယနေ့နံနက်ပိုင်းတွင် နေပြည်တော် ဝဏ္ဏသိဒ္ဓိ အားကစားကွင်းရှိ   အလေးမလေ့ကျင့်ရေးရုံ၌ ကျင်းပသည်။ အခမ်းအနားသို့ မြန်မာနိုင်ငံအိုလံပစ် ကော်မတီဥက္ကဋ္ဌ၊ အားကစားနှင့် လူငယ်ရေးရာဝန်ကြီးဌာနနှင့် ဟိုတယ်နှင့်ခရီးသွားလာရေးဝန်ကြီးဌာန ပြည်ထောင်စုဝန်ကြီး Jeng Phang နော်တောင်၊ ဒုတိယဝန်ကြီး ဦးဇင်မင်းထက်၊ အားကစားနှင့် ကာယပညာ ဦးစီးဌာန ညွှန်ကြားရေးမှူးချုပ် ဦးဉာဏ်ဇော်ဦး၊ မြန်မာနိုင်ငံအလေးမ အဖွဲ့ချုပ် ဥက္ကဋ္ဌ ဦးဥဂ္ဂါအေး၊ အားကစားနှင့် ကာယပညာဦးစီးဌာန ဒုတိယညွှန်ကြားရေးမှူးချုပ်၊ ရန်ကုန်တိုင်းဒေသကြီး အလေးမဆပ်ကော်မတီ ဥက္ကဋ္ဌ၊ ဒုတိယဥက္ကဋ္ဌနှင့် တာဝန်ရှိသူများ တက်ရောက် ကြသည်။ ယနေ့ကျင်းပသည့် အလေးမပြိုင်ပွဲ အမြန်မနှင့် နှစ်ဆင့်မပြိုင်ပွဲ ပွဲစဉ်များအဖြစ် အမျိုးသမီး (၄၈၊ ၅၃၊ ၅၈၊ ၆၃) ကီလိုတန်းပြိုင်ပွဲနှင့် အမျိုးသား (၆၀၊ ၆၅၊ ၇၁၊ ၈၈၊ ၉၄၊ +၉၄) ကီလိုတန်းပြိုင်ပွဲများကို ယှဉ်ပြိုင်ခဲ့ကြပြီးပြိုင်ပွဲများအပြီးတွင် အမျိုးသမီး ၆၃ ကီလိုတန်းနှင့် အမျိုးသား(၉၄) ကီလိုတန်း အမြန်မ၊ နှစ်ဆင့်မပြိုင်ပွဲနှင့် စံချိန်စုစုပေါင်းတို့တွင် မြန်မာပြည်စံချိန်သစ်များတင်နိုင်ခဲ့သည့် သူဇာခင်နှင့် ဝင်းနိုင်ထွန်းတို့ကို ပြည်ထောင်စုဝန်ကြီး၊ ဒုတိယဝန်ကြီး၊ ညွှန်ကြားရေးမှူးချုပ်နှင့် မြန်မာနိုင်ငံအလေးမအဖွဲ့ချုပ် ဥက္ကဋ္ဌတို့က ဂုဏ်ပြုဆုကြေးငွေများ ပေးအပ်ချီးမြှင့်ကြသည်။ အဆိုပါ (၃၃)ကြိမ်မြောက် အရှေ့တောင်အာရှ အားကစားပြိုင်ပွဲအတွက် အလေးမ အားကစားသမားများ အပြီးသတ်ရွေးချယ်ရေးပြိုင်ပွဲနှင့် (Youth Camp)မှ လူငယ်အလေးမ အားကစားသမားများ စံချိန်ဆန်းစစ်ပြိုင်ပွဲများသို့  နေပြည်တော်တွင် စခန်းဝင်လေ့ကျင့်လျက်ရှိသည့် အားကစားလေ့ကျင့် ရေးစခန်း(Gold Camp)နှင့် လူငယ်အားကစားလေ့ကျင့်ရေးစခန်း (Youth Camp)တို့မှ အလေးမအားကစားသမား စုစုပေါင်းအင်အား ၂၄ ဦး ဝင်ရောက် ယှဉ်ပြိုင်ခဲ့ကြသည်။ ဆက်လက်၍ (၃၃)ကြိမ်မြောက် အရှေ့တောင်အာရှ အားကစားပြိုင်ပွဲတွင် မြန်မာခြင်းလုံးအသင်း  အောင်နိုင်ရေးအတွက် မြန်မာနိုင်ငံ ခြင်းလုံးအဖွဲ့ချုပ် နာယက ဦးစိုးတင့်အား ရုံးအမှတ်(၃၁)ရှိ၊ အားကစားနှင့် လူငယ်ရေးရာဝန်ကြီးဌာန အစည်းအဝေးခန်းမ၌ လက်ခံတွေ့ဆုံရာ မြန်မာနိုင်ငံခြင်းလုံးအဖွဲ့ချုပ် နာယက က အဖွဲ့ချုပ်၏ ကြိုတင်ပြင်ဆင်ဆောင်ရွက်နေမှု အခြေအနေများ၊ ဆက်လက်ဆောင်ရွက်သွားမည့် လုပ်ငန်းအစီအစဉ်များနှင့် ပတ်သက်ပြီး ဆွေးနွေးပြောကြားပြီး ဒုတိယဝန်ကြီး၊ ညွှန်ကြားရေးမှူးချုပ်များနှင့် ဒုတိယ ညွှန်ကြားရေးမှူးချုပ်တို့က မြန်မာခြင်းလုံးအသင်း အောင်မြင်မှု ရရှိစေရေးအတွက် ဝိုင်းဝန်းဖြည့်စွက်ဆွေးနွေးပြောကြားကာ ပြည်ထောင်စု ဝန်ကြီးက လိုအပ်သည်များကို တာဝန်ရှိသူများနှင့် ပေါင်းစပ်ညှိနှိုင်း ပေးခဲ့ကြောင်း သိရသည်။,https://www.myawady.net.mm/node/76381
Sports,www.myawady.net.mm,ရန်ကုန်  အောက်တိုဘာ  ၉      ၂၀၂၅ ခုနှစ် တိုင်းဒေသကြီးနှင့်ပြည်နယ် ဘိလိယက်နှင့် စနူကာပြိုင်ပွဲ၌ ဘိလိယက် အားကစားနည်းဖြင့် ပထမ၊ ဒုတိယနှင့် တတိယဆုရရှိခဲ့သည့် အားကစားသမားများနှင့် (၃၃)ကြိမ်မြောက် အရှေ့တောင်အာရှ အားကစားပြိုင်ပွဲသို့   ဝင်ရောက်ယှဉ်ပြိုင်မည့် မြန်မာ့လက်ရွေးစင် ဘိလိယက်အားကစားသမား သုံးဦးယှဉ်ပြိုင်သည့် Professional  and Amateur ဘိလိယက်လက်ရည်စမ်းပြိုင်ပွဲကို ယနေ့နံနက်ပိုင်းတွင် ရန်ကုန်တိုင်းဒေသကြီး   ဝေဇယန္တာလမ်းရှိ အမျိုးသားအားကစားပြိုင်ပွဲရုံ(၁) သုဝဏ္ဏ ဘိလိယက်နှင့် စနူကာ အားကစားလေ့ကျင့်ရေး ခန်းမ၌ ကျင်းပသည်။              ပြိုင်ပွဲသို့ အားကစားနှင့် လူငယ်ရေးရာဝန်ကြီးဌာန၊ အားကစားနှင့် ကာယပညာဦးစီးဌာန ယှဉ်ပြိုင်ရေးနှင့် လေ့ကျင့်ရေးဌာနခွဲ (၂) ညွှန်ကြားရေးမှူး ၊ မြန်မာနိုင်ငံဘိလိယက်နှင့်စနူကာအဖွဲ့ချုပ် ဒုတိယဥက္ကဋ္ဌ ဦးဝင်းထက်မွန် ၊ မြန်မာနိုင်ငံဘိလိယက်နှင့် စနူကာအဖွဲ့ချုပ်မှ အတွင်းရေးမှူးနှင့် တာဝန်ရှိသူများ ၊  ပြိုင်ပွဲဝင်အားကစားသမားများ တက်ရောက်ကြသည်။ ဦးစွာ ယှဉ်ပြိုင်ရေးနှင့် လေ့ကျင့်ရေးဌာနခွဲ (၂) ညွှန်ကြားရေးမှူးက လက်ရည်စမ်း ပြိုင်ပွဲအတွက် အုပ်စုမဲနှိုက်ပေးပြီး ပြိုင်ပွဲ စတင်ကျင်းပရာ အုပ်စု(က)တွင် ဦးပေါက်စ ၊ တေဇာအောင် ၊ အေးမင်းနှင့် အုပ်စု(ခ)တွင် ဦးအောင်ဌေး ၊ ဦးနေသွေးဦး ၊ ကျော်စွာဝင်းတို့ ပါဝင်ကာ ပထမပွဲစဉ်(၁)အဖြစ်  ဦးပေါက်စ နှင့်  တေဇာအောင်တို့ကလည်းကောင်း၊  ပွဲစဉ်(၂) အဖြစ် ဦးအောင်ဌေးနှင့် ဦးနေသွေးဦး တို့ကလည်းကောင်း ယှဉ်ပြိုင်ကစားကြသည်။ အဆိုပါပြိုင်ပွဲကို အောက်တိုဘာလ ၁၀ ရက်အထိ ကျင်းပမည်ဖြစ်ပြီး ပြိုင်ပွဲတွင် တစ်ဦးချင်း ပြိုင်ပွဲနှင့်  နှစ်ယောက် တွဲပြိုင်ပွဲများ ပါဝင်မည်ဖြစ်ကြောင်း သိရသည်။,https://www.myawady.net.mm/node/76382
Education & Technology,www.mdn.gov.mm,13/10/25 13/10/25 13/10/25 13/10/25 13/10/25 13/10/25 13/10/25 13/10/25 13/10/25 13/10/25        | © Copyright © 2018 Myanmar Digital News. All rights reserved,https://www.mdn.gov.mm/my/latest-news-0
Education & Technology,www.mdn.gov.mm,13/10/25 13/10/25 13/10/25 13/10/25 13/10/25 13/10/25   13/10/25 13/10/25 13/10/25 13/10/25          | © Copyright © 2018 Myanmar Digital News. All rights reserved,https://www.mdn.gov.mm/my/latest-news
Sports,www.myawady.net.mm,,https://www.myawady.net.mm/node/76384
Sports,www.myawady.net.mm,,https://www.myawady.net.mm/node/76385
Education & Technology,myawady.net.mm,,https://myawady.net.mm/ydbnewspaper
Sports,www.myawady.net.mm,နေပြည်တော်   အောက်တိုဘာ  ၁၁      မန္တလေးတိုင်းဒေသကြီး ကျောက်ဆည်ခရိုင်အတွင်းရှိ အားကစားနှင့် ကာယပညာဦးစီး ဌာနရုံးနှင့် အားကစားကွင်း/ အားကစားရုံများကို ယနေ့ မွန်းလွဲပိုင်းတွင် မြန်မာနိုင်ငံအိုလံပစ် ကော်မတီဥက္ကဋ္ဌ အားကစားနှင့်လူငယ်ရေးရာ ဝန်ကြီးဌာနနှင့် ဟိုတယ်နှင့်ခရီးသွားလာရေး ဝန်ကြီးဌာန ပြည်ထောင်စုဝန်ကြီး Jeng Phang နော်တောင်သည် တာဝန်ရှိသူများနှင့်အတူ သွားရောက်ကြည့်ရှု စစ်ဆေးသည်။ ထိုသို့ကြည့်ရှုစစ်ဆေးစဉ် ပြည်ထောင်စုဝန်ကြီးက အားကစားကွင်း/ အားကစားရုံများ ယခုထက်   ပိုမိုတိုးတက်ကောင်းမွန်ပြီး အစဉ်အမြဲသန့်ရှင်း သာယာလှပစေရေးအတွက် အမြဲထိန်းသိမ်း စောင့်ရှောက်သွားရန်လိုကြောင်း၊ ထူးချွန်ထက်မြက်သည့်  မျိုးဆက်သစ် အားကစားသမားများ ပေါ်ထွက်လာစေရေးနှင့် အားကစားနှင့် ကာယပညာသိပ္ပံ သင်တန်းသားများ ရရှိစေရေးအတွက် အခြေခံပညာကျောင်းများနှင့် ချိတ်ဆက်ပြီး သတ်မှတ်စံချိန်စံညွှန်းများနှင့် ကိုက်ညီသည့်  ကျောင်းသား၊ ကျောင်းသူများကို သင်တန်းသားရွေးချယ်မှုတွင်  အထောက်အကူပြုစေမည့်   အခြေခံနည်းစနစ်များနှင့် ကြံ့ခိုင်မှုများကို   စီမံချက်များရေးဆွဲ၍ စနစ်တကျ   သင်ကြားလေ့ကျင့် ပေးသွားရန်လိုကြောင်း၊ မန္တလေးတိုင်းဒေသကြီး အားကစားဖွံ့ဖြိုး တိုးတက်စေရန်နှင့် မျိုးဆက်သစ်အားကစားသမားများ မွေးထုတ်ပေးနိုင်စေရန်အတွက်     အခြေခံကျသည့် ကျောက်ဆည်ခရိုင်/ မြို့နယ်များမှ တာဝန်ရှိသူများက    သက်ဆိုင်ရာဌာနများနှင့် ပေါင်းစပ်ညှိနှိုင်း၍ စနစ်တကျ ရေတို/ရေရှည်    စီမံချက်များရေးဆွဲပြီး အကောင်အထည်ဖော် ဆောင်ရွက်သွားကြရန် မှာကြားခဲ့ကြောင်း သိရသည်။,https://www.myawady.net.mm/node/76446
Sports,www.myawady.net.mm,နေပြည်တော် အောက်တိုဘာ ၁၁      အားကစားနှင့် လူငယ်ရေးရာဝန်ကြီးဌာနမှ ကြီးမှူး၍ တိုင်းဒေသကြီး၊ ပြည်နယ်အစိုးရအဖွဲ့နှင့် မြန်မာနိုင်ငံဘောလုံးအဖွဲ့ချုပ်တို့ ပူးပေါင်းကျင်းပသည့် ၂၀၂၅ ခုနှစ် တိုင်းဒေသကြီးနှင့်ပြည်နယ် အသက် ၂၅နှစ်အောက် အမျိုးသမီးဘောလုံးပြိုင်ပွဲ ပွဲစဉ်များကို ယနေ့ မွန်းလွဲပိုင်းတွင် ရှမ်းပြည်နယ်၊ ကရင်ပြည်နယ်၊ ဧရာဝတီတိုင်းဒေသကြီးနှင့် ပဲခူးတိုင်းဒေသကြီးတို့တွင် ဇုန်(၄)ဇုန်ခွဲ၍ သက်ဆိုင်ရာဇုန်များအလိုက် အားကစားကွင်းများ၌ စတင်ကျင်းပသည်။ ဘောလုံးပြိုင်ပွဲ ပွဲစဉ်များအဖြစ် ရှမ်းပြည်နယ် တောင်ကြီးမြို့  ပြည်နယ်အားကစားကွင်း၌ ရှမ်းပြည်နယ်အသင်းနှင့် တနင်္သာရီတိုင်းဒေသကြီးအသင်းတို့ ယှဉ်ပြိုင်ကစားခဲ့ရာ နှစ်ဖက်စလုံး ဂိုးမရှိ သရေရလဒ်ဖြင့်လည်းကောင်း၊ ကရင်ပြည်နယ် ဘားအံမြို့ ဇွဲကပင် အားကစားကွင်း၌ ရန်ကုန်တိုင်းဒေသကြီးအသင်းနှင့် ပြည်ထောင်စုနယ်မြေ နေပြည်တော်အသင်းတို့  ယှဉ်ပြိုင်ကစား ခဲ့ရာ  ရန်ကုန်တိုင်းဒေသကြီးအသင်းက ပြည်ထောင်စုနယ်မြေ နေပြည်တော်အသင်းကို  ၁ ဂိုး ဂိုးမရှိဖြင့်လည်းကောင်း၊ ဧရာဝတီတိုင်းဒေသကြီး ပုသိမ်မြို့ ကိုးသိန်းအားကစားကွင်း၌ ဧရာဝတီတိုင်းဒေသကြီးအသင်းနှင့် မန္တလေးတိုင်းဒေသကြီးအသင်းတို့ ယှဉ်ပြိုင်ကစားခဲ့ရာ တစ်ဖက် ၁ ဂိုးစီသရေရလဒ်ဖြင့်လည်းကောင်း၊ ပဲခူးတိုင်းဒေသကြီး ပဲခူးမြို့ အားကစားဥယျာဉ်ကွင်း၌ စစ်ကိုင်းတိုင်းဒေသကြီးအသင်းနှင့်   ကယားပြည်နယ်အသင်းတို့ ယှဉ်ပြိုင်ကစားခဲ့ရာ စစ်ကိုင်းတိုင်းဒေသကြီးအသင်းက   ကယားပြည်နယ်အသင်းကို ၈ ဂိုး ဂိုးမရှိဖြင့်လည်းကောင်း အနိုင်ရရှိကြသည်။ အဆိုပါ ၂၀၂၅ ခုနှစ်    တိုင်းဒေသကြီးနှင့်ပြည်နယ် အသက်၂၅နှစ်အောက် အမျိုးသမီးဘောလုံးပြိုင်ပွဲကို အောက်တိုဘာလ ၁၈ ရက်အထိ အုပ်စုပတ်လည်ပြိုင်ပွဲပွဲစဉ်များကို ကရင်ပြည်နယ်၊ ရှမ်းပြည်နယ်၊ ပဲခူးတိုင်းဒေသကြီးနှင့်   ဧရာဝတီတိုင်းဒေသကြီးတို့တွင်  ဇုန်လေးဇုန်ခွဲ၍ ကျင်းပသွားမည်ဖြစ်ပြီး အောက်တိုဘာလ ၂၁ ရက်၊ ၂၃ ရက်နှင့် ၂၅ ရက်တို့တွင် ကျင်းပမည့် ရှုံးထွက်ပွဲစဉ်များ၊ တတိယလုပွဲပွဲစဉ်နှင့်  ဗိုလ်လုပွဲပွဲစဉ်များကို ရန်ကုန်မြို့ရှိ    အားကစားကွင်းများ၌ ဆက်လက်ကျင်းပသွားမည်ဖြစ်သည်။ အောက်တိုဘာလ ၁၂ ရက်ပြိုင်ပွဲ ပွဲစဉ်များအဖြစ် ညနေ ၃ နာရီမှစတင်၍ ရှမ်းပြည် နယ်  တောင်ကြီးမြို့ ပြည်နယ်အားကစားကွင်း၌ မကွေးတိုင်းဒေသကြီးအသင်းနှင့် ရခိုင်ပြည်နယ်အသင်း၊  ဧရာဝတီတိုင်းဒေသကြီး ပုသိမ်မြို့ ကိုးသိန်းအားကစားကွင်း၌ ကချင်ပြည်နယ်အသင်းနှင့် မွန်ပြည်နယ်အသင်းတို့ ဆက်လက်ယှဉ်ပြိုင်ကစားသွား ကြမည်ဖြစ်၍   အားကစားဝါသနာရှင် မိဘပြည်သူများအနေဖြင့် မည်သူမဆို အခမဲ့ လာရောက်ကြည့်ရှု အားပေးနိုင်ကြောင်း  သိရသည်။,https://www.myawady.net.mm/node/76474
Education & Technology,myawady.net.mm,,https://myawady.net.mm/mwdnewspaper
Sports,www.myawady.net.mm,,https://www.myawady.net.mm/node/76514
Sports,www.myawady.net.mm,,https://www.myawady.net.mm/node/76516
Sports,www.myawady.net.mm,,https://www.myawady.net.mm/node/76517
Education & Technology,www.myawady.net.mm,အမေရိကန်မှ General Atomics နဲ့ ကနေဒါနိုင်ငံမှ Kepler Communicationsတို့ပူးပေါင်းပြီး ဆက်သွယ်ရေးနည်းလမ်း တစ်မျိုးကို ဆန်းသစ်တီထွင်လိုက်ပါတယ်။ အထူးသဖြင့် လေယာဉ်နဲ့ဂြိုဟ်တုကြားရှိ ဆက်သွယ်မှုအတွက် လေဆာရောင်စဉ်တန်း အသုံးပြုထားတဲ့ အလွန်မြန်နှုန်းမြင့် ဆက်သွယ်ရေးစနစ်ဖြစ်ပါတယ်။ အခုလုပ်ဆောင်တဲ့ လက်တွေ့စမ်းသပ်မှုအရ မိုင်ပေါင်း ၃၄၀၀ အကွာရှိဂြိုဟ်တုနဲ့ လေယာဉ်တို့ကြား ဆက်သွယ်မှုလုပ်ရာမှာ တစ်စက္ကန့်ကို ၁ ဂစ်ဂါဘစ်ပမာဏရှိတဲ့ အချက်အလက်များကို ပေးပို့နိုင်တယ်လို့ သိရပါတယ်။ ဒီလိုမျိုး ဝေဟင်ပေါ်ကနေ အာကာသထဲအထိ ဆက်သွယ်မှုရယူနိုင်တဲ့ လေဆာရောင်စဉ်တန်းသုံး ဆက်သွယ်မှု နည်းပညာက ကမ္ဘာပေါ်မှာ ပထမဦးဆုံးဖြစ်ပါတယ်။ ကမ္ဘာ့လေထုလွှာ အတွင်းရှိ ရွေ့လျားနေတဲ့ ပလက်ဖောင်းတစ်ခုပေါ်ကနေ အာကာသအတွင်း တည်ရှိနေတဲ့ လက်ခံစက်ထဲကို အချက်ပြမှုထုတ်လွှင့်ခြင်းဟာ အင်မတန်ခက်ခဲတဲ့ အရာတစ်ခုဖြစ်ပါတယ်။ အခုဖန်တီးထားတဲ့ လေဆာရောင်စဉ်တန်းအသုံးပြု အလွန်မြန်နှုန်းမြင့် ဆက်သွယ်ရေးစနစ်ရဲ့ ဒီဇိုင်းအရ အကွာအဝေးကီလိုမီတာ ၅၅၀၀ အထိ ဆက်သွယ်မှု လုပ်နိုင်မယ်လို့ ဆိုပါတယ်။,https://www.myawady.net.mm/node/75091
Education & Technology,www.myawady.net.mm,အင်္ဂါဂြိုဟ်ပေါ်မှ  စုဆောင်းရရှိသည့် လွန်ခဲ့သောနှစ်ဘီလီယံပေါင်းများစွာက ဖြစ်ပေါ်ခဲ့သော  ကျောက်သားနမူနာကို စစ်ဆေးမှုများအရ အဆိုပါဂြိုဟ်ပေါ်၌ သက်ရှိများ ရှိခဲ့ဖူးသည့်လက္ခဏာများကို NASA က ရှာဖွေတွေ့ရှိလိုက်ကြောင်း သိရသည်။ အင်္ဂါဂြိုဟ်ပေါ်ရှိ ရေကန်ဟောင်းတစ်ခု၏ အောက်ခြေအနည်များထဲမှ ကောက်ယူရရှိသော ကျောက်သားနမူနာထဲတွင် အဏုဇီဝသက်ရှိများ ရှိခဲ့ဖူးသောလက္ခဏာများကို တွေ့ရှိရခြင်းဖြစ်သည်ဟု သိပ္ပံပညာရှင်များကပြောသည်။ ယခုတွေ့ရှိမှုကို သိပ္ပံပညာရှင်များက စက်တင်ဘာလ ၁၀ ရက်တွင် ထုတ်ပြန်ခဲ့ခြင်းဖြစ်ပြီး ယခုထုတ်ပြန်ချက်သည် ကမ္ဘာဂြိုဟ်၏ အိမ်နီးချင်းဂြိုဟ်၌ လွန်ခဲ့သော အချိန်များက    သက်ရှိများရှိခဲ့ဖူးသည် ဟူသော ခိုင်လုံသည့် သက်သေအထောက်အထားတစ်ခုဖြစ်သည်။ NASA က စေလွှတ်လိုက်သည့်  Perseverance အမည်ရှိ ခြောက်ဘီးတပ် ဂြိုဟ်ဆင်းယာဉ်တစ်စင်းသည် ၂၀၂၁ ခုနှစ်မှစ၍Jezero အမည်ရှိချိုင့်ဝှမ်းကို လေ့လာရှာဖွေစူးစမ်းမှုများ လုပ်ဆောင်နေခြင်းဖြစ်သည်။ ထိုချိုင့်ဝှမ်းသည် အင်္ဂါဂြိုဟ်မြောက်ပိုင်းရှိ နယ်မြေတစ်ခုဖြစ်ပြီး တစ်ချိန်ကရေများ ရှိခဲ့ဖူးသော ကန်ကြီးတစ်ခုဖြစ်ကြောင်းနှင့် သက်ရှိများရှိခဲ့ဖူးသော နေရာတစ်ခုဖြစ်ကြောင်း သိပ္ပံပညာရှင်များက မှတ်ယူထားသည်။ အဆိုပါဂြိုဟ်ဆင်းယာဉ်သည် ထိုချိုင့်ဝှမ်းအတွင်းရှိ ကျောက်သားနမူနာများနှင့် မြေမှုန်များကို စုဆောင်းရယူကာ ၎င်းတွင်ပါဝင်သည့် ကိရိယာများဖြင့် စစ်ဆေးမှုများ လုပ်ဆောင်ပြီးနောက် ရလဒ်များကိုကမ္ဘာမြေပေါ်သို့ ပြန်လည်ပို့ဆောင်ပေးခြင်း ဖြစ်သည်။ အင်္ဂါဂြိုဟ်သည် သက်ရှိများနေထိုင်ရန် သင့်လျော်ခြင်းမရှိသော ဂြိုဟ်ကြီးတစ်လုံးအဖြစ် ယနေ့အချိန်အထိ သတ်မှတ်ခံထားရပြီး ထိုဂြိုဟ်ပေါ်တွင် ရေများသည်လည်း ယခင်အချိန်များကသာရှိခဲ့ကြောင်း ပညာရှင်များက တညီတညွတ်တည်း ထောက်ခံထားသည်။ ယခုစူးစမ်းလေ့လာမှုများ လုပ်နေသည့်Jezero ချိုင့်ဝှမ်းသည် လွန်ခဲ့သောနှစ်ပေါင်း ၃ ဒသမ ၅ ဘီလီယံခန့်က ပေါ်ပေါက်ခဲ့ခြင်း ဖြစ်နိုင်ကြောင်း ပညာရှင်များက ယူဆထားသည်ဟု သိရသည်။,https://www.myawady.net.mm/node/75092
Education & Technology,www.myawady.net.mm,ရန်ကုန်  စက်တင်ဘာ  ၂၂       ဖိလစ်ပိုင်နိုင်ငံတွင် စက်တင်ဘာလ ၁၉ ရက်မှ ၂၁ ရက်အထိ ကျင်းပခဲ့သော ကမ္ဘာ့စက်ရုပ်အိုလံပစ် အာရှပစိဖိတ်ပြိုင်ပွဲ (World Robot Olympiad Asia Pacific Open Championship)တွင် မြန်မာ We Are Genius MYANMAR အသင်းသည် AI အသုံးပြုရှာဖွေ ကယ်ဆယ်ရေးစက်ရုပ်ကားဖြင့် ပထမဆုရရှိခဲ့‌ကြောင်း သိရသည်။ အဆိုပါပြိုင်ပွဲသည် စက်ရုပ်ကားကို သဘာဝဘေးဒဏ် အန္တရာယ်ကျရောက်သည့် အခြေအနေများတွင် လူဝင်ရောက်ရန် ခက်ခဲ‌သော နေရာများထဲသို့  အလိုအလျောက် သွားလာ‌သောစနစ်ဖြင့် ရှာ‌ဖွေကယ်ဆယ်ရေးပြုလုပ်နိုင်ရန် ရည်ရွယ်ထုတ်လုပ်ပြသမှုဖြင့် အောင်မြင်မှုရရှိခဲ့ခြင်းဖြစ်သည်။ ယင်းပြိုင်ပွဲတွင် ပထမဆုရရှိခဲ့သော We Are Genius MYANMAR အသင်း၌ မိုးပြည့်စုံကျော် ၁၁ နှစ်၊ ကျော်ဘုန်းခန့် ဇော် ၁၁ နှစ်နှင့် ဉာဏ်ကိုး ၁၂  နှစ်တို့သည် ဟောင်ကောင်၊ တရုတ်၊ ဂျပန်၊ ဂျာမနီ၊ ထိုင်း၊ ဗီယက်နမ်၊ ဖိလစ်ပိုင်၊ ဘင်္ဂလားဒေ့ရှ်၊ မကာအို စသည့်နိုင်ငံများဖြင့် ယှဉ်ပြိုင်ခဲ့ကြပြီး ပထမဆု ရရှိခဲ့‌ခြင်းဖြစ်ကြောင်း လည်း သိရသည်။ ကမ္ဘာ့စက်ရုပ်အိုလံပစ် အာရှပစိဖိတ် ပြိုင်ပွဲသို့ မြန်မာနိုင်ငံကိုယ်စားပြု We Are Genius MYANMAR အသင်း၊ ILBC အသင်း၊ CIY Club အသင်းတို့ ၀င်ရောက်ယှဉ်ပြိုင်ခဲ့ ကြကြောင်း သိရသည်။,https://www.myawady.net.mm/node/75594
Education & Technology,www.myawady.net.mm,တရုတ်နိုင်ငံက ဆိုဗီယက်ခေတ်ဂျက်လေယာဉ်များကို ပေါင် ၅၅၀ ဗုံးများတပ်ဆင်ထားတဲ့ ဒရုန်းများ အဖြစ်ပြောင်းလဲနေတာကို   မကြာသေးခင်ကထုတ်ဖော်ပြသခဲ့ပါတယ်။ တရုတ်ပြည်သူ့လွတ်မြောက် ရေးတပ်မတော်က အဲဒီဒရုန်းကို ချန်ချွင်းလေကြောင်းပြပွဲမှာ ထုတ်ဖော်ပြသခဲ့တာပါ။ တရုတ်နိုင်ငံက ၁၉၆၀ ပြည့်နှစ်အလွန်ကာလများမှသည် ၁၉၈၀ ပြည့်နှစ်အလွန်ကာလများအထိ ဆိုဗီယက်ခေတ် MiG-19ပုံစံတူ J-6 များကို အစင်းရေထောင်ပေါင်းများစွာထုတ်လုပ်ခဲ့တာပါ။ J-6 ဂျက်လေယာဉ်တွေက အသံထက် ၁ ဒသမ ၃ ဆမြန်တဲ့နှုန်းနဲ့ မိုင်ပေါင်း ၄၃၅ မိုင်ခန့်ပျံသန်းနိုင်ပါတယ်။   လေကြောင်းပြပွဲမှာဖော်ပြထားတဲ့  အချက်အလက်များအရဆိုရင် တရုတ်နိုင်ငံက ပထမဆုံးသော မောင်းသူမဲ့J-6 လေယာဉ်ကို ၁၉၉၅ ခုနှစ်ကတည်းကထုတ်လုပ်ထားခဲ့တာဖြစ်တယ်လို့သိရပါတယ်။ မောင်းသူမဲ့အဖြစ်ပြောင်းလဲမှုမှာတော့လေယာဉ်မှူးလိုက်ပါမှုနဲ့ဆက်စပ်တဲ့စနစ်တွေအားလုံးကိုဖြုတ်ပြီး အလိုအလျောက်မောင်းနှင်မှုထိန်းချုပ်ရေးစနစ်များအပြင်လစ်လပ်သွားတဲ့နေရာများမှာ နောက်ထပ် လက်နက်များကိုထည့်သွင်းတပ်ဆင်ပေးထားတာဖြစ်ပါတယ်။ Ref: IE ကိုထက်,https://www.myawady.net.mm/node/75672
Education & Technology,www.myawady.net.mm,တရုတ်နိုင်ငံက ကမ္ဘာ့ပထမဆုံးအဖြစ်မဂ္ဂါဝပ်ပမာဏရှိတဲ့  လျှပ်စစ်ဓာတ်အားထုတ်လုပ်ပေးနိုင်မယ့် လေသင်္ဘောကြီးကိုအောင်မြင်စွာစမ်းသပ်မှုလုပ်ဆောင်လိုက်နိုင်ပါတယ်။  တစ်နည်းအားဖြင့် ပြောရရင် အဲဒီလေသင်္ဘောကြီးဆိုတာ လေပေါ်ပျံဝဲနေတဲ့ လေတာဘိုင်ကြီးတစ်ခုသာဖြစ်ပါတယ်။ အခု S1500 လို့အမည်ရတဲ့ လေသင်္ဘောကြီးဟာ လေတိုက်နှုန်းပြင်းထန်တဲ့နေရာတွေမှာတောင်မှ ကောင်းစွာအလုပ်လုပ်နိုင်စွမ်းရှိတယ်ဆိုတာကို မြင်တွေ့လိုက်ရပါတယ်။ ဒါ့အပြင် တခြားသော ပြင်းထန် တဲ့စမ်းသပ်မှုတွေကိုလည်း လုပ်ဆောင်ခဲ့ပြီးစမ်းသပ်မှုအားလုံးကို အောင်မြင်စွာကျော်ဖြတ်နိုင်ခဲ့ပါ တယ်။ ဒီလိုအောင်မြင်မှုဟာတကယ့်ကို မှတ်ကျောက်တင်လောက်တဲ့အောင်မြင်မှုဖြစ်တယ်လို့ ဆိုပါတယ်။ အရှည်က ၁၉၇ ပေ၊ အကျယ်နဲ့အမြင့်က ၁၃၁ ပေစီရှိတဲ့ လေသင်္ဘောကြီးဟာတည် ဆောက်ခဲ့ဖူး သမျှသော လေစွမ်းအင်သုံးလျှပ်စစ်ဓာတ်အားထုတ်လုပ်ရေးစနစ်တွေထဲမှာ အကြီးဆုံးဖြစ်တယ်လို့ လည်းဆိုနိုင်ပါတယ်။ ထုတ်လုပ်ပေးမယ့်လျှပ်စစ်ဓာတ်အားပမာဏက ၁ ဒသမ ၂ မဂ္ဂါဝပ်ရှိမှာဖြစ် ပါတယ်။                Ref: IE ကိုထက်,https://www.myawady.net.mm/node/75674
Education & Technology,www.myawady.net.mm,တောင်ကိုရီးယားနိုင်ငံမှ သုတေသနပညာရှင်အဖွဲ့တစ်ဖွဲ့က ရေဒီယိုသတ္တိကြွဓာတ်ရောင်ခြည်သင့် မြေကြီးကို အချိန်တိုအတွင်း လျင်မြန်စွာသန့်စင်ပေးနိုင်မယ့် နေရောင်ခြည်စွမ်းအင်သုံး အပင်တု တစ်မျိုးကိုဖန်တီးထုတ်လုပ်ပြီးအောင်မြင်စွာစမ်းသပ်လိုက်နိုင်ပါတယ်။ ပညာရှင်များက အပင်တစ်ပင်ရဲ့သဘာဝအတိုင်းဖြစ်ပေါ်မှုလုပ်ငန်းစဉ်များကိုတုပကာ ဒီလိုအပင်တု ကိုဖန်တီးလိုက်တာဖြစ်ပါတယ်။ အဲဒီအပင်တုရဲ့စွမ်းဆောင်ရည်က ရေဒီယိုသတ္တိကြွပစ္စည်းဖြစ်တဲ့ စီဇီယမ်သင့်မြေကြီးကို ရက်ပေါင်း ၂၀ အတွင်းမှာပင် ၉၅ ရာခိုင်နှုန်းအထိသန့်စင်ပေးနိုင်စွမ်းရှိတာ ဖြစ်ပါတယ်။ အခုလိုမျိုး တီထွင်ဆန်းသစ်မှုတွေကိုလုပ်ဆောင်နိုင်ခြင်းကြောင့်နျူကလီးယားမတော်တဆမှုဖြစ်ပွားတဲ့နေရာတွေ၊ ညစ်ညမ်းနေတဲ့ စိုက်ပျိုးမြေနေရာတွေကိုသန့်ရှင်းရေးပြုလုပ်နိုင်ဖို့အတွက်အကောင်းဆုံး သောနည်းလမ်းတစ်ခု ပေါ်ထွက်လာစေပါတယ်။ စီဇီယမ်ဒြပ်စင်က ပတ်ဝန်းကျင်အတွက်သာမကကျန်းမာရေးအတွက်ပါကာလရှည်ကြာဆိုးကျိုးဖြစ်စေတဲ့ ဒြပ်စင်တစ်မျိုးဖြစ်ပါတယ်။                Ref: IE ကိုထက်,https://www.myawady.net.mm/node/75677
Education & Technology,www.myawady.net.mm,တိုကျို၊ ပညာရေး ဂျပန်အစိုးရက စာသင်ကျောင်းများ၌ဒစ်ဂျစ်တယ်ကျောင်းသုံးဖတ်စာအုပ်များကိုအသုံးပြုရန် အတည်ပြုဆုံးဖြတ်ချက်ချလိုက်ပြီဖြစ်ကြောင်းနှင့် အဆိုပါအစီအစဉ်၏ ကနဦးခြေလှမ်းအဖြစ် ၂၀၃၀ ပြည့်နှစ်တွင် မူလတန်းကျောင်းများ၌ စတင်အသုံးပြုသွားမည်ဖြစ်ကြောင်းသိရသည်။ ပညာရေးဝန်ကြီးဌာန၏ လုပ်ငန်းအဖွဲ့ကအတည်ပြုလိုက်သည့် အဆိုပါပြုပြင်ပြောင်းလဲမှုကြောင့်   ကျောင်းဆရာများအနေဖြင့် လက်ရှိအသုံးပြုနေသည့် သမားရိုးကျကျောင်းသုံးဖတ်စာအုပ်များကိုသာအသုံးပြုမှုနှင့် ဒစ်ဂျစ်တယ်ကျောင်းသုံးဖတ်စာအုပ်များကို   အသုံးပြုမှုတို့ကြား ကိုယ်ကြိုက်နှစ်သက်သည့်နည်းလမ်းကို ရွေးချယ်သင်ကြားခွင့်ရရှိမည်ဖြစ်ကြောင်းတာဝန်ရှိသူများကပြောသည်။ သို့သော်ဒစ်ဂျစ်တယ်ဖတ်စာအုပ်များကိုအသုံးပြုရန် ခွင့်ပြုပေးခြင်းသည် ကျောင်းဆရာများ၊ ကျောင်းသုံးဖတ်စာအုပ်ထုတ်လုပ်သူများအပေါ် ဝန်ပိစေမည်ဖြစ်ကြောင်း၊  ကျောင်းသားများတွင်လည်း အမြင်အာရုံချို့ယွင်းမှုအပြင် အခြားသော ကျန်းမာရေးပြဿနာများကိုပါဖြစ်စေနိုင်မည်ဖြစ်ကြောင်းကျွမ်းကျင်ပညာရှင်အချို့ကပြောထားသည်။ ပညာရေးဝန်ကြီးဌာနအနေဖြင့် စာသင်ခန်းများအတွင်း ဒစ်ဂျစ်တယ်သင်ကြားမှုအထောက်အကူပြုပစ္စည်းများကို မည်ကဲ့သို့အသုံးပြုရမည်နှင့်ပတ်သက်၍ လမ်းညွှန်ချက်များထုတ်ပြန်သွားမည်ဖြစ်ကြောင်း လုပ်ငန်းအဖွဲ့ကပြောသည်။ ဂျပန်နိုင်ငံ၌ လက်ရှိတွင်  ဒစ်ဂျစ်တယ်ကျောင်းသုံးဖတ်စာအုပ်များကို အလျဉ်းသင့်သလိုအသုံးပြုလျက်ရှိနေကြောင်း၊ ထိုဖတ်စာအုပ်များသည် မူလစာအုပ်များကိုပုံတူပြုလုပ်ထားခြင်းဖြစ်ပြီး စာဖတ်ပြနိုင်သည့်လုပ်ဆောင်ချက်ပါဝင်ကြောင်းသိရသည်။                     Ref: BP,https://www.myawady.net.mm/node/75692
Education & Technology,www.myawady.net.mm,နေပြည်တော်  စက်တင်ဘာ  ၂၆      ရုရှားဖက်ဒရေးရှင်းနိုင်ငံသို့ အလုပ်သဘောခရီး ရောက်ရှိနေသည့် ပြည်ထောင်စု သမ္မတမြန်မာနိုင်ငံတော် ယာယီသမ္မတ နိုင်ငံတော်လုံခြုံရေးနှင့် အေးချမ်းသာယာ ရေးကော်မရှင်ဥက္ကဋ္ဌ ဗိုလ်ချုပ်မှူးကြီး မင်းအောင်လှိုင်နှင့်အတူ လိုက်ပါလာသည့် ပြည်ထောင်စုဝန်ကြီးများသည် ရုရှားဖက်ဒရေးရှင်းနိုင်ငံ မော်စကိုမြို့၌ စက်တင်ဘာ လ၂၆ ရက် ဒေသစံတော်ချိန် နေ့လယ်ပိုင်းက ‘‘အရာအားလုံးက  အက်တမ်ကနေ စတင်တယ်”ဟူသောခေါင်းစဉ်ဖြင့် ကျင်းပပြုလုပ်သည့် မျက်နှာစုံညီအစည်းအဝေးကို ပါဝင်တက်ရောက်ခဲ့ကြောင်း သိရသည်။ အဆိုပါမျက်နှာစုံညီ အစည်းအဝေးကို ရုရှားဖက်ဒရေးရှင်းနိုင်ငံ၊ နိုင်ငံပိုင်အဏုမြူ စွမ်းအင်ကော်ပိုရေးရှင်း(ROSATOM) ညွှန်ကြားရေးမှူးချုပ် Mr. Alexey Likhachev ဦးဆောင်ပြုလုပ်ခဲ့ပြီး လျှပ်စစ်စွမ်းအားဝန်ကြီးဌာန ပြည်ထောင်စုဝန်ကြီး  ဦးဉာဏ်ထွန်း၊ စွမ်းအင်ဝန်ကြီးဌာန ပြည်ထောင်စုဝန်ကြီး ဦးကိုကိုလွင်၊ ကျန်းမာရေးဝန်ကြီးဌာန ပြည်ထောင်စုဝန်ကြီး ဒေါက်တာသက်ခိုင် ဝင်း၊ မန္တလေးတိုင်းဒေသကြီး ဝန်ကြီးချုပ်ဦးမျိုးအောင်၊   ဒုတိယဝန်ကြီးများနှင့် UMFCCI မှ ကိုယ်စားလှယ်အဖွဲ့ဝင်များ တက်ရောက်ခဲ့ကြသည်။ အဆိုပါ မျက်နှာစုံညီအစည်းအဝေးသို့ ပါဝင်တက်ရောက်ခဲ့သည့် ပြည်ထောင်စု ဝန်ကြီးများ၏ စကားသံများကိုလည်း အခုလိုပဲ ကြားသိခဲ့ရပါတယ်-     ဒီနေ့က Atomic Energy Forum ကို လာတာပေါ့နော်။ နိုင်ငံတော်အကြီးအကဲနဲ့ အတူ လာကြတာပေါ့။ လာကြတဲ့အခါကျ တော့  Atomic Energy နဲ့ ပါဝင်ပတ်သက် တဲ့ တာဝန်ရှိသူတွေ ပါလာကြတယ်။ ပြောချင်တာကတော့ Energy ဆိုတာကို အရင်ဆုံးပြောချင်တယ်။ Energy ဆိုတာက လူသားတွေအတွက် မရှိမဖြစ်လိုအပ်ချက် ပဲ။ အရေးကြီးဆုံး လိုအပ်ချက်ပဲ။ အဲ့တော့ Energy ရှိမှ ကိုယ်လိုချင်တာလုပ်လို့ရမယ်။ လူမှုဘဝ ရှင်သန်ဖို့အတွက်၊ နေ့စဉ် Daily Life အတွက် Energy လိုတယ်။ နိုင်ငံတစ်နိုင်ငံ စီးပွားဖွံ့ဖြိုးဖို့အတွက် Energy လိုတယ်။ အဲ့ဒီမှာ Energy ဆိုတာက Energy ရရှိဖို့ အတွက် ကျွန်တော်တို့ Primary Energy လို့ခေါ်တာပေါ့နော်။ Primary Energy ဆိုတာ ဒီ Energy ကို Source က ဘယ် Source ကယူတာလဲ။ ပြီးတဲ့အခါကျမှ Secondary Energy ကို ပြန်ပြီးတော့ Transform လုပ်တယ်။ ဥပမာအားဖြင့် ကျွန်တော်တို့လုပ်နေတဲ့ Oil and Gas ဆိုလို့ ရှိရင် Oil and Gas ကို Primary Energy အနေနဲ့လုပ်တယ်။ အဲ့ဒီကနေပြီးတော့ Secondary Energy နဲ့ Transform လုပ်တဲ့အခါကျတော့ Electricity ဆိုတာရတယ်။ Electricity သည် Secondary Energy ။ အဲ့ဒီ Secondary Energy ကနေပြီးတော့ လိုချင်တဲ့       လူတွေရဲ့လိုအပ်ချက်တွေကို အသုံးပြုကြတယ်ပေါ့နော်။ အခု ဒီ Atomic Energy ကျတော့ Primary Energy အနေ နဲ့ ဘယ်ကရလဲဆိုတော့ Atom တွေက ရတယ်။ Atom တွေက Uranium ပေါ့နော်၊ Plutonium ပေါ့နော်၊ Thorium အဲ့ဒီ Atom တွေကနေပြီးတော့ Atom တွေက Fusion ဖြစ်တဲ့အခါကျတော့ Atom တွေက နေပြီးတော့ Nucleus က ကွဲသွားတယ်။ ပြိုကွဲသွားတဲ့အခါ Neutron တွေထွက်လာ တယ်။ အဲ့ဒီကနေပြီးတော့ ဒါ Primary Energy ပေါ့။ အဲ့ဒီကနေ ပြီးတော့ Secondary Energy ဖြစ်တဲ့ အမျိုးမျိုးသောအသုံးပြုမှု တွေကိုသွားရော။ အခုဒီနေ့ကတော့ ထွက် လာတဲ့ Energy တွေကို လျှပ်စစ်ထုတ်ဖို့ပေါ့။ နောက်တစ်ခါ ဒီအပြင် စိုက်ပျိုးရေးကိစ္စ တွေမှာသုံးမယ်။ ကျန်းမာရေးကိစ္စတွေမှာ သုံးမယ်။ အများကြီး အများကြီးသုံးလို့ရ တယ်။  တချို့ဒါတွေသုံးမှာပေါ့။  ဒီနေ့ ဆွေးနွေးကြတာတွေကလည်း  ဒါတွေ ဆွေးနွေးတာပေါ့။ အဲ့တော့ နံပါတ်တစ်က Atomic Energy ပေါ့နော်။ Nuclear Energy လုပ်မယ်ဆိုရင် နံပါတ်တစ် အရေးကြီးဆုံး ကတော့ ဘာအရေးကြီးဆုံးလည်းဆိုရင် အဓိက ဒီ HR ပေါ့။ Nuclear Energy နဲ့ ပတ်သက်တဲ့ HR တွေ ဖွံ့ဖြိုးအောင်လုပ်ရ မယ်။ နောက်တစ်ခါကျတော့ Infrastructure တွေလုပ်ရမယ်။ ဒါအရေးကြီးဆုံးပဲ။ နံပါတ် နှစ်ကတော့ အဓိက Financing ပေါ့။ ငွေကြေးလိုအပ်တယ်။ ဒီမှာလည်း အခု ဆွေးနွေးနေကြတယ်။ IAEA က ပြောသွား တယ်။ ဒီ Financing အတွက်လိုအပ်တယ် ပေါ့နော်။ နံပါတ်သုံးကတော့ သူ့ရဲ့ Security ပေါ့။ Security ဆိုတာက အဲ့ဒီမှာ ဘာပါ သွားလဲဆိုတော့ နှစ်ပိုင်းပါတယ်။ Nuclear ထုတ်တဲ့ Powerplant ကြီးတွေရဲ့ Secure ဖြစ်ဖို့လိုတယ်။ Very High Temperature မှာ သူကအလုပ်လုပ်တာ။ အဲ့ဒီ Very High Temperature မှာအလုပ်လုပ်တဲ့ အခါကျ တော့ အဲ့ဒီကနေပြီးတော့ Super Heated Region ကနေ Steam တွေထွက်လာတယ်။ အဲ့ဒါကိုသုံးတာ။ သို့သော် သုံးချင်တဲ့ Steam တွေက သုံးပြီး၊ သုံးနေတဲ့အချိန်မှာ အဲ့ဒီ Plant ကြီးကိုကျတော့ Cooling System တွေက အအေးပေးထားရတယ်။ နောက် တစ်ခါကျတော့ Nuclear Atom တွေက ပြိုကွဲသွားတဲ့အခါကျတော့ Radiation တွေ ထွက်လာတယ်။ အဲ့ဒါတွေကို အကာ အကွယ်ပြုလုပ်ရတယ်။ ဒါကြောင့်မို့ လူတွေ က Nuclear ဆိုတာနဲ့ နံပါတ်တစ် Security ဆိုတဲ့နေရာမှာ အဲ့ဒီမှာ အလုပ်လုပ်မယ့် လူတွေက ဟာ… ဒါဆိုရင် သူတို့ဘာဖြစ် မလဲ။ စိုးရိမ်မှုတွေရှိတယ်။ နောက်တစ်ခုက ကျတော့ အဲ့ဒါကို သုံးစွဲမယ့် ပြည်သူလူထု ပေါ့။ ခုနက IAEA က ပြောသွားတယ်။ ပြည်သူ လူထုက  Nuclear ဆိုရင် လန့်နေကြတယ်။ အဲ့ဒါကို ပြောပြရမယ်။ ဒီနေ့က ဒီ Technology တွေက တဖြည်းဖြည်းနဲ့ မြင့်တက်လာ တယ်။ အခုဆိုရင် Generation က 3 Plus သွားပြီ။ နောက်တစ်ခါကျတော့ သူတို့ 4 ကို သွားဖို့ သူတို့ဆွေးနွေးနေကြပြီ။ 4 သွားပြီဆိုလို့ရှိရင် ပိုပြီးတော့ Secure ဖြစ်လာမယ်။ နောက်တစ်ခါကျတော့ အခုက Nuclear သုံးပြီဆိုလို့ရှိရင် Uranium တွေ  အစွမ်းမဲ့သွားပြီ။ အဲ့ဒါတွေကို စွန့်ပစ်ရမယ်။ စွန့်ပစ်ရတဲ့ ပြဿနာတွေကို ရင်ဆိုင်ရပြီ။ အဲ့ဒီဟာတွေကို Depleted Uranium  တွေကို မစွန့်ပစ်ရတော့ဘူး။ ပြန်သုံးမယ်။ Reuse ပြန်လုပ်မယ်။ အဲ့ဒါ 4th Generation ဆိုပြီးတော့ သွားနေကြတယ်။ အဲ့ဒီမှာတော့ ရုရှားက Leading Country ဖြစ်တယ်။ ဒီအပေါ်မှာ သူတို့ကို Appreciate လုပ်တယ်။ မနေ့ကလည်း နိုင်ငံတော်အကြီးအကဲတွေ ဆွေးနွေးကြတဲ့အထဲမှာ အဲ့ဒီခေါင်းစဉ်တွေ ပါတယ်။ ဒီနေ့လည်း   ဆွေးနွေးတယ်။ ဘာပြောပြော ကျွန်တော်တို့နိုင်ငံအနေနဲ့ သည်  Energy Mix ဆိုတဲ့နေရာမှာNuclear သည်   အချိုးတစ်ခု ပါကိုပါရမယ်။ အဲ့ဒါမှ နိုင်ငံဖွံ့ဖြိုးတိုးတက်လာမယ်။ ဒါကို ဦးတည်ပြီးသွားနေတယ်။ ဒီနေ့လည်း ကျွန်တော်တို့ နိုင်ငံတော်အကြီးအကဲရဲ့ ရှေ့မှောက်မှာ လက်မှတ်ထိုးကြတယ်။ အဲ့ဒါ  ကျွန်တော်တို့ မဖြစ်မနေဆောင်ရွက်ရမယ်။ အဲ့ဒါကို ပြည်သူလူထုအနေနဲ့ကလည်း ဆောင်ရွက်ရမယ်။ သူတို့ရဲ့ လူမှုစီးပွားဘဝ  ဖွံ့ဖြိုးတိုးတက်မှုအတွက် အင်မတန်အရေးပါ တယ်ဆိုတာကို ပြည်သူလူထု နားလည်ရ မယ်။ သိရမယ်။ အဲ့ဒါကို ကျွန်တော် ပြောချင်တာ။ ဒီဟာကို ဒီဘက်ကလည်း Technology တွေအရ Secure လုပ်မယ်။ နောက်တစ်ခါ ကျတော့ ပါဝင်ပတ်သက်မယ့်လူပေါ့။ ဒီမှာ အလုပ်လုပ်မယ့် လူတွေ၊ အဲ့ဒီလုပ်မယ့်လူတွေ ကအစ ဒီပညာတွေသင်ဖို့အတွက် သူတို့က စိုးရိမ်စိတ်တွေ ရှိစရာမလိုဘူး။ အခုလည်း ဒီမှာ Nuclear နဲ့ပတ်သက်တဲ့ပညာရှင် ငယ်ငယ်လေးတွေ ကျွန်တော်တို့ တွေ့ခဲ့ရ တယ်။ လွန်ခဲ့တဲ့ နှစ်ပေါင်း ၆၀/၇၀ လောက် ကတည်းက ဒါကိုစလုပ်နေတာ။ ဒါကို ပြည်သူလူထုအနေနဲ့  လုပ်ကိုလုပ်ရတော့မယ်။ ကြိုးစားလုပ်ရမယ်။ ဒါဆို ငါတို့နိုင်ငံတော်အတွက် ဘယ်လို ဖွံ့ဖြိုးတိုးတက်လာမယ်ဆိုတဲ့ အသိအမြင်လေးတွေ ရစေချင်ပါတယ်။       နိုင်ငံတော်အကြီးအကဲနဲ့အတူ မော်စကို မှာကျင်းပတဲ့ (World Atomic Week Forum- 2025)ကို လာရောက်တက်ရောက်ခြင်းဖြစ် ပါတယ်။ ဒီနေ့ ကလည်း နိုင်ငံတော်အကြီး အကဲပါဝင်တဲ့ World Atomic Week ထိပ်သီး ဆွေးနွေးပွဲကို လာရောက်တက်ရောက်ခြင်း ဖြစ်ပါတယ်။ Nuclear Technology နဲ့ ပတ်သက်ပြီးတော့  နိုင်ငံတစ်နိုင်ငံမှာ အသုံးပြုဖို့ဆိုတာ တော်တော်အရေးကြီးတဲ့ ဆုံးဖြတ်ချက်တစ်ခုဖြစ်ပါတယ်။ ဒါတွေကိုဆုံးဖြတ်ချက်ချဖို့ဆိုတဲ့နေရာမှာ နိုင်ငံ တော်အကြီးအကဲတွေကိုယ်တိုင် ပါဝင်ဆုံးဖြတ်ပြီးတော့  အမြော်အမြင်ကြီးစွာ ဆုံးဖြတ်ချက် ပေးဖို့လိုအပ်ပါတယ်။ ဒီအတွက်ကြောင့်လည်း ကျွန်တော်တို့ မနေ့က ထိပ်သီး ဆွေးနွေးပွဲမှာ နိုင်ငံတော်အကြီးအကဲများဟာ မိမိတို့နိုင်ငံတွေအလိုက်  Nuclear Technology ကို မိမိတို့လူမှုပတ်ဝန်းကျင်ကို ဖွံ့ဖြိုးတိုးတက်ဖို့အတွက် စီစဉ်ဆောင်ရွက်နေတဲ့ အစီအစဉ်တွေကို ဆွေးနွေးသွားကြတာတွေ့ရပါတယ်။ ကျွန်တော်တို့နိုင်ငံတော် အနေနဲ့လည်း နိုင်ငံတော်ယာယီသမ္မတကြီး ကနေပြီးတော့ မြန်မာနိုင်ငံမှာဆောင်ရွက် မယ့် Nuclear Technology နဲ့အတူ လူမှု  ပတ်ဝန်းကျင်ဖွံ့ဖြိုးတိုးတက်အောင်စီစဉ် နေတဲ့အစီအစဉ်တွေ၊ နောက်ဆောင်ရွက် မယ့်အစီအစဉ်တွေကို ကျယ်ပြန့်စွာဆွေးနွေး သွားခဲ့ပါတယ်။ ဒီလိုဆွေးနွေးတဲ့အခါမှာလည်း ကျွန်တော်တို့နိုင်ငံရဲ့ Nuclear Technology ကို ပိုပြီးတော့ ဖွံ့ဖြိုးတိုးတက် အောင်ဆောင်ရွက်နိုင်ဖို့အတွက် အဖွဲ့အစည်း တွေဖြစ်တဲ့ IAEA လို အဖွဲ့အစည်းတွေ ROSATOM လို အဖွဲ့အစည်းတွေနဲ့ပူးပေါင်း ဆောင်ရွက်သွားမယ်ဆိုတဲ့အကြောင်းတွေကိုလည်းဆွေးနွေးခဲ့တာတွေ့ရှိခဲ့ရပါတယ်။ ကျွန်တော် တို့ကျန်းမာရေးဝန်ကြီးဌာနအနေ နဲ့လည်း ဒီပွဲမှာဆိုရင် ကျွန်တော်တို့အပါ အဝင် ကျွန်တော်တို့ရဲ့ Nuclear Medicine Department ကတာဝန်ရှိသူများလည်း ပါဝင်လာပါတယ်။ ကျွန်တော်တို့နိုင်ငံမှာလည်းပဲ ဒီ Nuclear Technology အသုံးပြု ပြီးတော့ ဆေးကုသမှုတွေ၊ ရောဂါရှာဖွေမှု တွေ၊ အထူးသဖြင့် ကင်ဆာရောဂါနဲ့ပတ်သက် တဲ့ကုသမှုတွေဆောင်ရွက်နေတာဖြစ်ပါ တယ်။ ဒီမှာ တက်ရောက်လာခြင်းအားဖြင့် ROSATOM မှာတာဝန်ရှိသူများနဲ့ ကျွန်တော် တို့ရဲ့တာဝန်ရှိသူများတွေ့ဆုံဆွေးနွေးပြီး တဲ့အခါမှာ ကျွန်တော်တို့နိုင်ငံမှာ ဆေးကုသ မှုနဲ့ပတ်သက်ပြီး Nuclear Technology အသုံးပြုပြီးတော့ ဆောင်ရွက်မယ့်ဟာတွေ၊ ယခုလက်ရှိအခြေအနေထက်ပိုမိုကောင်း မွန်အောင် ဆောင်ရွက်နိုင်ဖို့ ဒါတွေကိုလည်း ဆွေးနွေးနိုင်မယ့်အခွင့်အလမ်းရရှိခဲ့ပါတယ်။ မြန်မာနိုင်ငံမှာလည်းပဲ Nuclear Technology ဆေးကုသမှုလုပ်တဲ့အခါ မှာ Isotope တွေ ကျွန်တော်တို့နိုင်ငံမှာ လည်း ထုတ်နေတာရှိသလို ပြည်ပနိုင်ငံက တင်သွင်းရတာတွေလည်းရှိပါတယ်။ ဒါတွေနဲ့ပတ်သက်ပြီးတော့လည်း ပိုမိုကောင်းမွန်တဲ့၊ အရည်အသွေးမြင့်မားတဲ့ Isotope တွေပြည်တွင်းမှာထုတ်လုပ်နိုင်ဖို့၊  ပြည်ပမှ တင်သွင်းနိုင်ဖို့တွေကို  ကျွန်တော်တို့ ဆက်လက်ဆောင်ရွက်သွားမှာဖြစ်ပါတယ်။ နိဂုံးချုပ်အနေနဲ့ကတော့ (World Atomic Week Forum-2025)ကို လာရောက် တက်ရောက်ခြင်းဟာဆိုရင် ကျွန်တော်တို့ မြန်မာနိုင်ငံရဲ့ Nuclear Technology နဲ့  လူမှုပတ်ဝန်းကျင်ဖွံ့ဖြိုးတိုးတက်အောင် ဆောင်ရွက်မယ့်လုပ်ငန်းတွေမှာ နိုင်ငံတော်ယာယီသမ္မတကြီးကိုယ်တိုင် တက်ရောက် လာတဲ့အတွက်ကြောင့်  ကျွန်တော်တို့နိုင်ငံအတွက်မှတ်တိုင်တစ်ခု၊ Nuclear  Technology အသုံးပြုတဲ့    မှတ်တိုင်တစ်ခုအဖြစ်နဲ့ကျန်ခဲ့မယ်လို့ ကျွန်တော့်အနေနဲ့ ယုံကြည်ပါတယ်။ ကျေးဇူးတင်ပါတယ်။      ညနေပိုင်းတွင် ပြည်ထောင်စုဝန်ကြီး များနှင့်အဖွဲ့သည် ရုရှား-အာဆီယံ ဆွေးနွေး ပွဲကို ပါဝင်တက်ရောက်ခဲ့သည်။ထို့နောက် ROSATOM  ညွှန်ကြားရေးမှူးချုပ်က တည်ခင်းဧည့်ခံသည့်  ညစာစားပွဲကို ပါဝင် တက်ရောက်ခဲ့ကြောင်း သိရသည်။,https://www.myawady.net.mm/node/75755
Education & Technology,www.myawady.net.mm,,https://www.myawady.net.mm/mwdnews
Education & Technology,www.myawady.net.mm,,https://www.myawady.net.mm/internews
Education & Technology,www.myawady.net.mm,,https://www.myawady.net.mm/localnews
